marital_status,course,nationality,admission_grade,tuition_fees_up_to_date,gender,scholarship_holder,age_at_enrollment,international,curricular_units_1st_sem_(credited),curricular_units_1st_sem_(enrolled),curricular_units_1st_sem_(evaluations),curricular_units_1st_sem_(approved),curricular_units_1st_sem_(grade),curricular_units_1st_sem_(without_evaluations),curricular_units_2nd_sem_(credited),curricular_units_2nd_sem_(enrolled),curricular_units_2nd_sem_(evaluations),curricular_units_2nd_sem_(approved),curricular_units_2nd_sem_(grade),curricular_units_2nd_sem_(without_evaluations),unemployment_rate,inflation_rate,gdp,target
1,171,1,127.3,1,1,0,20,0,0,0,0,0,0.0,0,0,0,0,0,0.0,0,10.8,1.4,1.74,0
1,9254,1,142.5,0,1,0,19,0,0,6,6,6,14.0,0,0,6,6,6,13.666666666666666,0,13.9,-0.3,0.79,2
1,9070,1,124.8,0,1,0,19,0,0,6,0,0,0.0,0,0,6,0,0,0.0,0,10.8,1.4,1.74,0
1,9773,1,119.6,1,0,0,20,0,0,6,8,6,13.428571428571429,0,0,6,10,5,12.4,0,9.4,-0.8,-3.12,2
2,8014,1,141.5,1,0,0,45,0,0,6,9,5,12.333333333333334,0,0,6,6,6,13.0,0,13.9,-0.3,0.79,2
2,9991,1,114.8,1,1,0,50,0,0,5,10,5,11.857142857142858,0,0,5,17,5,11.5,5,16.2,0.3,-0.92,2
1,9500,1,128.4,1,0,1,18,0,0,7,9,7,13.3,0,0,8,8,8,14.345,0,15.5,2.8,-4.06,2
1,9254,1,113.1,0,1,0,22,0,0,5,5,0,0.0,0,0,5,5,0,0.0,0,15.5,2.8,-4.06,0
1,9238,62,129.3,1,0,1,21,1,0,6,8,6,13.875,0,0,6,7,6,14.142857142857142,0,16.2,0.3,-0.92,2
1,9238,1,123.0,0,0,0,18,0,0,6,9,5,11.4,0,0,6,14,2,13.5,0,8.9,1.4,3.51,0
1,9670,1,130.6,1,0,0,18,0,0,6,6,6,12.333333333333334,0,0,6,7,5,14.2,0,13.9,-0.3,0.79,2
1,9500,1,119.3,1,0,1,18,0,0,8,8,7,13.214285714285714,0,0,8,8,7,13.214285714285714,0,12.7,3.7,-1.7,2
1,9853,1,130.2,1,0,0,19,0,0,6,6,0,0.0,0,0,6,0,0,0.0,0,12.7,3.7,-1.7,0
1,9254,1,111.8,1,0,1,21,0,0,6,7,6,10.571428571428571,0,0,6,8,5,11.0,0,8.9,1.4,3.51,2
1,9085,1,137.1,1,0,1,18,0,0,5,7,4,13.25,0,0,5,5,5,12.0,0,10.8,1.4,1.74,2
1,9773,1,120.7,1,0,0,20,0,0,6,6,5,13.2,0,0,6,7,0,0.0,0,15.5,2.8,-4.06,0
1,9238,1,137.4,1,0,0,18,0,0,6,10,1,12.0,0,0,6,14,2,11.0,0,10.8,1.4,1.74,1
1,9500,1,127.3,1,0,0,18,0,0,7,8,7,13.30625,0,0,8,8,8,14.545,0,15.5,2.8,-4.06,2
1,9130,1,136.3,1,0,0,20,0,0,5,8,4,12.5,1,0,5,8,4,12.25,2,10.8,1.4,1.74,2
1,9853,1,124.6,1,0,0,18,0,0,7,7,6,11.666666666666666,0,0,7,8,6,13.5,0,16.2,0.3,-0.92,1
1,171,1,120.3,1,0,1,21,0,0,0,0,0,0.0,0,0,0,0,0,0.0,0,11.1,0.6,2.02,2
1,9556,1,121.8,1,0,0,20,0,0,7,14,7,11.4375,0,0,8,9,8,11.425,0,12.7,3.7,-1.7,1
1,9500,1,125.5,1,0,0,18,0,0,8,12,7,12.857142857142858,0,0,8,12,7,12.857142857142858,0,12.7,3.7,-1.7,2
1,9670,1,114.9,1,0,1,19,0,0,6,8,6,13.375,0,0,6,7,6,12.285714285714286,0,11.1,0.6,2.02,2
1,9500,1,123.9,1,0,0,19,0,0,7,8,6,13.296666666666669,0,0,8,9,7,14.114285714285714,0,11.1,0.6,2.02,2
1,9238,1,157.0,1,0,1,18,0,0,6,8,5,11.6,0,0,6,12,4,11.0,0,7.6,2.6,0.32,1
1,9238,1,116.4,1,0,0,21,0,0,6,9,6,11.375,0,0,6,9,6,13.285714285714286,0,16.2,0.3,-0.92,2
1,9085,1,131.0,1,0,0,18,0,0,5,9,5,12.666666666666666,2,0,5,7,4,13.0,0,9.4,-0.8,-3.12,1
1,9147,1,122.1,1,0,0,20,0,0,5,6,5,12.0,0,0,5,6,5,12.333333333333334,0,16.2,0.3,-0.92,2
1,9500,1,118.8,1,1,0,19,0,0,7,9,6,12.933333333333332,0,0,7,7,6,13.716666666666669,0,16.2,0.3,-0.92,1
1,9003,1,150.0,1,1,0,21,0,0,6,15,5,11.857142857142858,0,0,6,17,5,10.571428571428571,0,16.2,0.3,-0.92,1
1,9070,1,130.0,1,1,0,20,0,2,6,7,6,12.833333333333334,0,0,6,9,4,13.4,0,8.9,1.4,3.51,2
1,9147,1,138.8,0,1,0,18,0,0,5,9,3,11.333333333333334,0,0,5,8,2,13.5,0,8.9,1.4,3.51,1
1,8014,1,134.5,1,0,0,19,0,0,6,6,6,12.666666666666666,0,0,6,8,6,14.375,0,12.4,0.5,1.79,2
1,9991,1,131.4,1,1,0,34,0,0,5,6,5,12.4,0,0,5,9,5,13.428571428571429,0,13.9,-0.3,0.79,2
1,33,1,102.5,0,1,0,37,0,0,7,7,0,0.0,0,0,7,7,1,10.0,0,8.9,1.4,3.51,0
1,9119,1,128.8,1,1,0,43,0,0,5,0,0,0.0,0,0,5,0,0,0.0,0,7.6,2.6,0.32,0
1,9147,1,122.9,1,0,0,55,0,0,5,10,1,10.0,0,0,5,8,2,12.0,2,16.2,0.3,-0.92,0
4,9991,1,113.9,1,0,0,39,0,0,5,8,5,11.0,0,0,5,5,5,11.6,0,7.6,2.6,0.32,2
1,9130,6,120.0,0,0,0,20,1,2,6,13,3,11.666666666666666,0,1,6,11,3,12.0,0,12.4,0.5,1.79,0
1,9773,1,121.1,1,0,0,18,0,0,6,6,4,12.75,0,0,5,5,0,0.0,0,12.7,3.7,-1.7,0
1,9147,1,120.4,1,0,0,22,0,0,5,5,5,14.8,0,0,5,5,5,15.8,0,8.9,1.4,3.51,2
1,9500,1,100.6,1,0,0,22,0,0,7,9,5,13.928,0,0,8,9,7,14.342857142857142,0,11.1,0.6,2.02,2
1,9773,1,121.4,0,0,0,20,0,0,6,7,4,13.0,0,0,6,7,5,13.8,0,12.4,0.5,1.79,0
1,9991,1,109.7,1,0,0,29,0,0,5,0,0,0.0,0,0,5,0,0,0.0,0,16.2,0.3,-0.92,0
1,9991,1,134.1,1,0,0,24,0,0,5,9,2,11.5,0,0,5,11,3,14.333333333333334,1,7.6,2.6,0.32,1
1,9238,1,127.6,1,0,0,18,0,0,6,6,6,11.666666666666666,0,0,6,8,5,13.2,0,11.1,0.6,2.02,2
1,9500,1,132.4,1,0,1,22,0,0,7,8,6,13.516666666666666,0,0,8,9,7,13.771428571428572,0,11.1,0.6,2.02,2
1,8014,1,133.4,1,0,1,21,0,3,6,6,6,11.5,0,2,6,7,6,13.285714285714286,0,12.4,0.5,1.79,2
1,9238,1,126.1,1,0,1,19,0,0,6,7,5,12.333333333333334,0,0,6,7,6,12.833333333333334,0,12.7,3.7,-1.7,2
1,9254,1,113.5,1,0,1,24,0,0,6,6,6,13.666666666666666,0,0,6,6,6,14.166666666666666,0,12.4,0.5,1.79,2
1,9500,1,121.3,1,0,1,19,0,0,8,10,6,11.833333333333334,0,0,8,10,6,11.833333333333334,0,9.4,-0.8,-3.12,1
1,9773,1,121.8,1,0,1,20,0,0,6,11,4,14.0,0,0,6,12,3,11.0,0,9.4,-0.8,-3.12,1
1,9130,1,159.3,1,0,0,19,0,0,5,7,5,14.714285714285714,0,0,5,5,5,15.8,0,7.6,2.6,0.32,2
1,9991,1,120.0,1,0,0,27,0,0,5,12,5,10.6,0,0,5,10,5,11.0,0,9.4,-0.8,-3.12,0
1,9500,1,129.1,1,0,0,18,0,0,7,9,7,13.044444444444444,0,0,8,10,8,13.595,0,15.5,2.8,-4.06,2
2,9254,1,130.0,1,0,0,39,0,0,6,10,0,0.0,0,0,6,6,0,0.0,0,12.4,0.5,1.79,0
1,9130,1,155.3,1,0,0,27,0,0,6,9,5,13.0,0,5,11,13,10,12.9,0,12.4,0.5,1.79,0
1,9500,1,139.8,1,0,0,18,0,0,8,8,8,14.935,0,0,8,8,8,14.935,0,9.4,-0.8,-3.12,2
1,171,1,115.2,1,0,0,18,0,0,0,0,0,0.0,0,0,0,0,0,0.0,0,7.6,2.6,0.32,1
1,9500,1,114.9,1,0,0,18,0,0,7,8,6,13.133333333333333,0,0,8,12,7,12.221428571428572,0,16.2,0.3,-0.92,2
1,9238,1,131.9,1,0,1,21,0,3,6,7,6,12.0,0,2,6,7,6,12.0,0,13.9,-0.3,0.79,2
1,171,1,126.0,1,1,1,19,0,0,0,0,0,0.0,0,0,0,0,0,0.0,0,10.8,1.4,1.74,1
1,9070,1,130.2,1,1,0,19,0,0,6,6,5,11.4,0,0,6,8,1,10.0,0,10.8,1.4,1.74,1
1,9070,1,120.9,1,1,0,24,0,0,6,6,0,0.0,0,0,6,6,0,0.0,0,12.7,3.7,-1.7,1
4,9500,1,126.0,1,1,0,29,0,2,7,10,5,11.9,0,1,8,10,5,11.0,0,13.9,-0.3,0.79,0
1,171,1,128.2,1,1,1,19,0,0,0,0,0,0.0,0,0,0,0,0,0.0,0,10.8,1.4,1.74,2
1,9003,1,130.0,1,1,0,23,0,0,6,8,6,12.571428571428571,0,0,6,7,6,12.428571428571429,0,8.9,1.4,3.51,2
1,9147,1,120.1,1,1,0,19,0,0,5,8,5,11.2,0,0,5,10,4,10.75,3,16.2,0.3,-0.92,0
1,9254,1,100.0,1,1,0,26,0,0,6,7,6,12.0,0,0,6,8,5,10.8,0,12.7,3.7,-1.7,1
1,9147,1,134.0,1,1,0,18,0,0,5,9,0,0.0,0,0,5,5,0,0.0,0,7.6,2.6,0.32,1
1,9500,1,130.8,1,1,0,24,0,0,7,8,7,11.975,0,0,8,8,8,13.75,0,13.9,-0.3,0.79,2
1,171,1,135.8,1,1,0,19,0,0,0,0,0,0.0,0,0,0,0,0,0.0,0,15.5,2.8,-4.06,0
1,9254,1,111.7,1,1,0,18,0,0,6,12,3,11.666666666666666,0,0,6,12,1,12.0,0,12.4,0.5,1.79,0
1,9773,1,132.9,1,1,0,18,0,0,6,8,6,12.333333333333334,0,0,6,11,3,12.333333333333334,0,10.8,1.4,1.74,2
1,9147,1,115.5,1,1,0,18,0,0,5,8,3,10.333333333333334,0,0,5,11,3,10.857142857142858,0,10.8,1.4,1.74,0
1,9254,1,106.0,1,1,1,21,0,0,6,8,4,10.5,0,0,6,11,1,11.0,0,9.4,-0.8,-3.12,0
1,9773,1,120.3,1,1,1,19,0,0,6,6,6,13.666666666666666,0,0,6,6,6,13.333333333333334,0,8.9,1.4,3.51,2
1,9500,1,130.8,1,1,1,22,0,0,7,7,7,14.842857142857142,0,0,8,9,8,15.055555555555555,0,16.2,0.3,-0.92,2
2,8014,1,117.0,1,1,0,33,0,0,6,8,6,12.0,0,0,6,6,6,11.666666666666666,0,10.8,1.4,1.74,2
1,9853,1,110.2,1,1,0,20,0,0,6,8,5,12.2,0,0,6,7,5,12.2,0,10.8,1.4,1.74,0
1,9991,1,155.7,1,1,0,35,0,0,1,1,0,0.0,1,0,5,0,0,0.0,0,10.8,1.4,1.74,0
1,9003,1,180.4,1,1,0,24,0,6,12,17,6,12.166666666666666,0,7,12,14,10,13.3,0,12.4,0.5,1.79,0
1,9254,1,125.5,1,1,0,18,0,0,5,6,5,12.0,0,0,5,8,3,11.333333333333334,0,12.7,3.7,-1.7,1
2,8014,1,110.0,1,0,0,33,0,0,6,7,6,11.0,0,0,6,11,5,11.0,0,9.4,-0.8,-3.12,2
1,9500,1,161.0,1,0,1,22,0,0,8,8,7,13.08,0,0,8,8,7,13.08,0,10.8,1.4,1.74,2
1,9670,1,100.0,1,0,1,25,0,0,5,7,4,10.5,0,0,5,7,5,11.6,0,9.4,-0.8,-3.12,2
1,9070,1,117.6,1,1,0,20,0,0,6,9,6,10.666666666666666,1,0,6,6,5,11.2,0,7.6,2.6,0.32,2
1,9147,1,128.7,1,1,0,23,0,0,5,6,4,14.0,0,0,5,5,5,13.8,0,11.1,0.6,2.02,1
1,9119,1,112.2,1,1,0,18,0,0,5,9,2,10.0,0,0,5,9,0,0.0,0,15.5,2.8,-4.06,1
1,9500,1,100.8,1,1,0,24,0,0,7,18,0,0.0,0,0,7,7,0,0.0,0,13.9,-0.3,0.79,0
1,9773,41,105.0,0,0,0,21,1,0,6,6,6,14.0,0,0,6,6,6,13.5,0,8.9,1.4,3.51,2
1,9130,41,100.0,1,0,0,26,1,0,6,7,2,12.0,1,0,6,6,0,0.0,0,8.9,1.4,3.51,0
2,9853,1,115.5,1,0,0,39,0,0,6,12,3,12.666666666666666,0,0,6,14,0,0.0,1,7.6,2.6,0.32,0
2,8014,1,114.0,1,0,0,44,0,2,8,11,8,11.875,0,0,6,7,6,12.333333333333334,0,12.7,3.7,-1.7,2
1,9119,26,137.0,1,1,0,19,1,0,5,9,5,14.0,0,0,5,11,3,13.25,0,13.9,-0.3,0.79,1
1,9773,1,124.9,1,0,0,18,0,0,6,6,6,13.666666666666666,0,0,6,6,6,13.333333333333334,0,8.9,1.4,3.51,2
1,9500,1,120.3,1,0,1,18,0,0,7,7,7,13.75,0,0,8,9,8,14.47777777777778,0,12.4,0.5,1.79,2
1,9085,1,134.3,1,0,0,19,0,0,5,7,5,14.2,2,0,5,7,5,13.8,0,12.7,3.7,-1.7,1
1,9500,1,111.5,0,0,0,19,0,0,7,10,4,11.96,0,0,7,7,0,0.0,0,13.9,-0.3,0.79,0
1,9085,1,128.8,1,0,0,21,0,7,10,12,8,12.875,0,4,9,14,5,13.4,0,8.9,1.4,3.51,0
1,171,1,110.0,1,0,0,20,0,0,0,0,0,0.0,0,0,0,0,0,0.0,0,16.2,0.3,-0.92,2
2,8014,1,113.5,1,0,0,36,0,0,6,0,0,0.0,0,0,6,0,0,0.0,0,9.4,-0.8,-3.12,0
4,9003,1,160.0,1,0,0,43,0,13,18,19,18,14.63157894736842,0,10,13,14,13,14.23076923076923,1,15.5,2.8,-4.06,2
1,9853,1,117.4,1,0,0,19,0,0,6,0,0,0.0,0,0,6,0,0,0.0,0,11.1,0.6,2.02,0
1,9070,1,122.2,1,0,0,20,0,4,10,12,10,13.0,0,5,11,11,11,12.272727272727272,0,11.1,0.6,2.02,2
1,9238,1,118.2,1,0,0,19,0,0,6,0,0,0.0,0,0,6,0,0,0.0,0,16.2,0.3,-0.92,0
1,9085,1,106.7,1,0,0,20,0,0,6,15,4,14.2,0,0,6,17,4,13.25,0,15.5,2.8,-4.06,0
1,9500,1,108.2,1,0,0,20,0,2,7,9,6,13.266666666666666,0,0,7,10,5,12.3,0,12.4,0.5,1.79,0
1,9853,1,107.0,1,0,0,20,0,0,7,12,6,11.666666666666666,0,0,7,10,3,13.0,0,16.2,0.3,-0.92,1
1,9238,1,136.1,1,0,0,18,0,0,6,8,6,13.857142857142858,0,0,6,6,6,15.0,0,13.9,-0.3,0.79,2
1,9147,1,115.3,1,0,1,18,0,0,5,9,3,13.0,0,0,5,11,3,11.0,0,8.9,1.4,3.51,1
1,9085,1,139.8,1,0,0,19,0,0,5,6,5,13.4,0,0,5,5,5,12.8,0,10.8,1.4,1.74,2
1,9773,1,157.0,1,0,0,18,0,0,6,6,6,12.666666666666666,0,0,6,7,6,12.571428571428571,0,10.8,1.4,1.74,2
1,9500,1,131.0,1,0,0,18,0,0,7,7,6,12.516666666666666,1,0,7,7,6,12.516666666666666,1,7.6,2.6,0.32,0
1,9500,1,100.0,1,0,0,20,0,0,7,11,6,11.616666666666667,0,0,7,7,7,13.0,0,13.9,-0.3,0.79,1
1,9238,1,140.4,1,0,1,20,0,0,6,13,2,10.0,0,0,6,12,4,10.75,0,7.6,2.6,0.32,1
1,9147,1,113.4,1,0,0,20,0,0,5,11,3,10.333333333333334,0,0,5,10,3,10.666666666666666,0,12.4,0.5,1.79,1
1,9085,1,137.0,1,0,0,18,0,0,5,12,5,13.142857142857142,2,0,5,6,5,11.4,0,9.4,-0.8,-3.12,2
1,9147,1,121.8,1,0,0,18,0,0,5,5,5,12.6,0,0,5,5,5,14.0,0,11.1,0.6,2.02,2
1,9254,1,131.0,1,0,0,21,0,0,6,12,3,11.0,0,0,6,12,2,11.0,0,9.4,-0.8,-3.12,0
1,9147,1,118.6,1,0,0,19,0,0,5,8,5,10.8,0,0,5,9,4,11.25,2,16.2,0.3,-0.92,2
1,171,1,122.3,1,0,0,19,0,0,0,0,0,0.0,0,0,0,0,0,0.0,0,10.8,1.4,1.74,0
1,9670,1,127.9,1,0,1,19,0,0,5,5,5,12.8,0,0,5,5,5,14.2,0,9.4,-0.8,-3.12,2
1,9085,1,121.3,1,0,0,19,0,0,6,15,6,14.166666666666666,0,0,6,13,6,12.2,0,15.5,2.8,-4.06,2
1,9556,1,117.1,1,0,0,19,0,0,7,12,5,12.1,0,0,7,0,0,0.0,0,13.9,-0.3,0.79,0
1,9085,1,160.0,1,0,0,20,0,1,6,7,6,14.166666666666666,0,1,6,17,5,13.77777777777778,0,12.4,0.5,1.79,2
1,9853,1,145.3,1,0,1,18,0,0,6,8,5,12.8,0,0,6,7,5,13.4,0,9.4,-0.8,-3.12,1
1,9238,1,122.6,1,0,0,18,0,0,6,7,6,13.0,0,0,6,6,6,13.666666666666666,0,12.4,0.5,1.79,2
1,9500,1,128.0,1,0,0,19,0,0,7,7,7,13.467142857142855,0,0,8,9,8,15.011111111111113,0,12.4,0.5,1.79,2
1,9500,1,124.9,1,0,1,18,0,0,7,9,7,13.2375,0,0,8,9,7,13.742857142857144,0,13.9,-0.3,0.79,0
1,9070,1,123.7,1,0,0,18,0,0,6,6,6,12.333333333333334,0,0,6,6,6,13.0,0,7.6,2.6,0.32,2
1,9147,1,120.1,1,0,0,19,0,0,5,7,5,12.4,0,0,5,5,5,14.6,0,8.9,1.4,3.51,2
1,9500,1,131.7,1,0,0,19,0,0,7,8,5,14.0,0,0,7,7,0,0.0,0,13.9,-0.3,0.79,0
1,9238,1,133.2,1,0,0,20,0,5,9,15,9,11.666666666666666,0,2,7,8,7,11.714285714285714,0,7.6,2.6,0.32,2
1,9670,1,109.3,0,0,1,19,0,0,6,7,5,12.0,0,0,6,9,4,12.5,0,12.4,0.5,1.79,0
1,9670,1,113.0,1,0,0,20,0,0,5,7,4,12.2,0,0,5,5,4,11.5,0,7.6,2.6,0.32,2
1,9773,1,157.9,1,0,1,18,0,0,6,6,6,14.833333333333334,0,0,6,6,6,14.833333333333334,0,8.9,1.4,3.51,2
1,9500,1,112.1,1,0,1,20,0,0,7,9,5,13.188,0,0,8,9,7,12.892857142857142,0,11.1,0.6,2.02,1
1,9500,1,174.7,1,0,0,18,0,0,7,8,7,17.125,0,0,8,8,8,17.5875,0,13.9,-0.3,0.79,2
1,9500,1,128.8,1,0,0,19,0,0,7,7,6,12.666666666666666,0,0,7,7,6,12.666666666666666,0,7.6,2.6,0.32,2
1,9773,1,110.1,1,0,1,19,0,0,6,8,6,12.666666666666666,0,0,6,10,5,12.0,0,12.4,0.5,1.79,2
1,9147,1,99.7,0,0,0,22,0,0,5,8,0,0.0,0,0,5,7,0,0.0,0,8.9,1.4,3.51,1
1,9238,1,121.0,1,0,1,19,0,0,6,7,6,11.333333333333334,0,0,6,6,6,11.5,0,12.4,0.5,1.79,2
1,9500,1,131.7,1,0,1,19,0,0,7,10,7,13.605,0,0,8,11,8,12.33125,0,15.5,2.8,-4.06,2
1,9853,1,119.1,1,0,1,19,0,0,6,10,5,12.0,0,0,6,9,5,10.8,0,9.4,-0.8,-3.12,2
1,9254,1,124.7,1,0,0,19,0,0,5,10,0,0.0,0,0,5,10,0,0.0,0,7.6,2.6,0.32,0
1,9254,1,117.2,1,0,0,20,0,0,6,8,5,11.2,0,0,6,12,3,11.666666666666666,0,7.6,2.6,0.32,0
1,9147,1,128.8,1,0,0,18,0,0,5,10,5,13.375,0,0,5,9,5,14.166666666666666,0,13.9,-0.3,0.79,2
1,9500,1,131.5,1,0,1,20,0,0,7,8,6,13.863333333333337,0,0,8,9,7,14.178571428571429,0,11.1,0.6,2.02,2
1,171,1,121.7,1,0,0,18,0,0,0,0,0,0.0,0,0,0,0,0,0.0,0,9.4,-0.8,-3.12,1
1,9085,1,123.4,1,0,0,19,0,0,5,6,5,12.4,0,0,5,6,5,13.4,0,7.6,2.6,0.32,2
1,9853,1,124.7,1,0,0,18,0,0,6,11,3,12.333333333333334,0,0,6,10,5,10.833333333333334,0,9.4,-0.8,-3.12,1
1,9853,1,132.8,1,0,0,18,0,0,6,7,6,13.333333333333334,0,0,6,8,5,11.8,0,7.6,2.6,0.32,2
1,9853,1,108.7,1,0,0,21,0,0,6,10,3,12.666666666666666,0,0,6,12,3,10.0,0,9.4,-0.8,-3.12,0
1,9853,1,138.1,1,0,0,19,0,0,6,8,6,12.0,0,0,6,10,4,11.5,0,7.6,2.6,0.32,0
1,9147,1,126.5,1,0,1,18,0,0,5,5,5,10.6,0,0,5,5,5,11.8,0,12.4,0.5,1.79,2
1,9238,1,127.4,1,0,1,18,0,0,6,8,6,12.25,0,0,6,7,6,11.857142857142858,0,12.7,3.7,-1.7,2
1,9238,1,123.6,1,0,0,20,0,0,6,10,4,11.0,0,0,6,9,6,11.833333333333334,0,9.4,-0.8,-3.12,2
1,8014,1,122.0,1,0,1,24,0,0,6,11,5,11.0,0,0,6,9,5,12.6,0,11.1,0.6,2.02,2
1,9670,1,118.2,1,0,0,19,0,0,6,6,6,13.166666666666666,0,0,6,9,6,13.0,0,10.8,1.4,1.74,0
1,9500,1,123.9,1,0,1,18,0,0,7,9,7,12.855555555555554,0,0,8,12,7,12.761111111111113,0,15.5,2.8,-4.06,2
1,9500,1,125.8,1,0,0,18,0,0,7,8,7,14.91875,0,0,8,8,8,15.355,0,15.5,2.8,-4.06,2
1,9853,1,123.3,1,0,0,21,0,0,6,13,4,11.5,0,0,6,10,3,11.0,0,10.8,1.4,1.74,0
1,9670,1,124.4,1,0,0,19,0,0,5,5,5,14.2,0,0,5,5,5,14.2,0,7.6,2.6,0.32,2
1,9773,1,126.0,1,0,1,19,0,0,6,6,6,12.5,0,0,6,7,6,13.0,0,15.5,2.8,-4.06,2
3,9003,1,170.0,1,0,0,47,0,0,1,1,0,0.0,0,0,6,0,0,0.0,0,8.9,1.4,3.51,1
1,9238,1,121.5,1,0,0,19,0,0,6,10,5,11.666666666666666,0,0,6,12,4,11.0,0,13.9,-0.3,0.79,2
1,9500,1,130.0,1,0,0,29,0,1,8,8,7,14.257142857142856,0,1,8,8,7,14.257142857142856,0,12.7,3.7,-1.7,2
1,9238,1,117.0,1,0,0,21,0,0,6,13,3,12.0,0,0,6,12,2,11.333333333333334,0,16.2,0.3,-0.92,0
1,9085,1,130.0,1,0,0,28,0,0,5,13,4,11.25,1,0,5,11,4,10.5,0,12.7,3.7,-1.7,1
1,9556,1,108.0,1,0,0,20,0,0,7,8,7,12.457142857142856,0,0,8,8,8,13.5625,0,15.5,2.8,-4.06,2
1,9500,1,132.3,1,0,0,19,0,0,7,7,6,11.683333333333332,0,0,7,7,6,11.683333333333332,0,7.6,2.6,0.32,2
1,8014,1,148.0,1,0,0,26,0,0,6,10,3,11.666666666666666,0,0,6,8,5,12.0,0,9.4,-0.8,-3.12,2
1,9254,1,122.6,0,0,0,20,0,0,6,8,4,11.75,0,0,6,6,6,13.166666666666666,0,11.1,0.6,2.02,0
1,9670,1,123.0,1,0,1,18,0,0,5,6,3,11.666666666666666,0,0,5,6,4,13.5,0,7.6,2.6,0.32,1
1,9853,1,102.5,1,0,0,27,0,0,6,9,5,13.2,0,0,6,10,5,12.0,0,7.6,2.6,0.32,2
1,9500,1,113.3,1,0,0,20,0,0,7,8,4,11.95,0,0,7,8,4,11.95,0,7.6,2.6,0.32,0
1,9853,1,133.0,1,0,0,18,0,0,6,8,5,12.4,0,0,6,12,5,10.4,0,9.4,-0.8,-3.12,0
1,9500,1,140.0,1,0,0,33,0,2,7,8,6,14.35,0,3,8,10,6,14.583333333333334,0,16.2,0.3,-0.92,0
1,9853,1,128.3,1,0,0,35,0,19,21,21,21,12.61904761904762,0,13,19,19,19,12.789473684210526,0,12.4,0.5,1.79,2
1,9991,1,140.0,1,0,1,26,0,2,6,7,6,12.666666666666666,0,2,6,7,6,13.166666666666666,1,9.4,-0.8,-3.12,1
1,9773,1,104.0,0,0,0,27,0,0,6,6,5,12.0,0,0,6,6,0,0.0,0,11.1,0.6,2.02,0
1,9070,1,122.3,0,0,0,19,0,0,6,6,6,12.166666666666666,0,0,6,6,0,0.0,0,15.5,2.8,-4.06,0
1,9254,1,135.0,1,0,0,20,0,0,6,0,0,0.0,0,0,6,0,0,0.0,0,11.1,0.6,2.02,0
1,9147,1,119.1,0,0,0,20,0,0,5,9,3,10.0,0,0,5,9,3,10.571428571428571,0,10.8,1.4,1.74,0
1,9238,1,126.6,0,0,0,21,0,5,10,18,8,11.5,0,0,6,12,4,10.0,0,9.4,-0.8,-3.12,1
1,9500,1,129.0,1,0,1,18,0,0,7,7,6,13.05,0,0,7,7,6,13.05,0,7.6,2.6,0.32,2
1,9085,1,162.3,1,0,0,24,0,0,6,10,2,11.0,0,0,6,6,0,0.0,0,8.9,1.4,3.51,0
1,9070,1,163.4,1,0,0,20,0,0,6,7,6,11.5,0,0,6,6,6,12.0,0,16.2,0.3,-0.92,2
1,9254,1,121.5,1,0,1,21,0,0,6,7,6,12.0,0,0,6,6,6,12.5,0,13.9,-0.3,0.79,2
1,8014,1,122.8,1,0,0,23,0,0,6,13,2,10.0,0,0,5,12,1,10.0,0,9.4,-0.8,-3.12,1
1,9147,1,118.0,1,0,0,24,0,0,5,5,0,0.0,0,0,5,5,0,0.0,0,7.6,2.6,0.32,0
1,9853,1,134.0,1,0,0,21,0,0,6,0,0,0.0,0,0,6,0,0,0.0,0,12.4,0.5,1.79,0
1,9500,1,129.8,1,0,0,18,0,0,8,8,7,12.242857142857144,0,0,8,8,7,12.242857142857144,0,12.7,3.7,-1.7,2
1,9991,1,152.0,1,0,0,27,0,0,5,0,0,0.0,0,0,5,0,0,0.0,0,8.9,1.4,3.51,0
1,9500,1,122.8,1,0,0,18,0,0,8,8,8,12.93375,0,0,8,8,8,12.93375,0,9.4,-0.8,-3.12,2
1,9119,1,150.0,1,0,0,35,0,0,5,0,0,0.0,0,0,5,0,0,0.0,0,13.9,-0.3,0.79,0
1,9853,1,131.8,1,0,0,18,0,0,7,9,7,12.571428571428571,0,0,7,8,7,14.428571428571429,0,11.1,0.6,2.02,2
1,9500,1,105.9,1,0,0,35,0,0,3,4,3,11.816666666666668,0,0,3,3,3,11.333333333333334,0,11.1,0.6,2.02,1
1,9085,1,132.1,1,0,0,19,0,0,5,9,4,13.75,0,0,5,13,4,14.333333333333334,2,10.8,1.4,1.74,2
1,9238,1,127.4,1,0,0,20,0,0,6,8,6,11.166666666666666,0,0,6,6,6,11.333333333333334,0,7.6,2.6,0.32,2
1,9500,1,129.5,1,0,0,18,0,0,8,8,7,12.324285714285711,0,0,8,8,7,12.324285714285711,0,10.8,1.4,1.74,2
1,9238,1,126.7,1,0,0,21,0,3,6,6,6,12.166666666666666,0,2,6,7,6,11.714285714285714,0,13.9,-0.3,0.79,2
1,9238,1,116.5,1,0,1,18,0,0,6,11,5,11.142857142857142,0,0,6,11,4,11.25,0,16.2,0.3,-0.92,2
1,9238,1,119.1,1,0,0,18,0,0,6,9,4,11.0,0,0,6,9,4,10.75,0,7.6,2.6,0.32,2
1,9500,1,126.5,1,0,0,18,0,0,8,8,7,12.914285714285713,0,0,8,8,7,12.914285714285713,0,12.7,3.7,-1.7,2
1,9773,1,149.8,1,0,1,18,0,0,6,6,6,13.833333333333334,0,0,6,6,6,14.166666666666666,0,16.2,0.3,-0.92,2
1,9085,1,115.1,1,0,0,19,0,0,6,8,6,13.857142857142858,0,0,6,9,5,13.4,0,13.9,-0.3,0.79,2
1,9254,1,124.5,1,0,1,36,0,0,6,7,6,13.714285714285714,0,0,6,6,5,12.8,0,16.2,0.3,-0.92,0
1,9500,1,128.3,1,0,1,18,0,0,8,8,7,12.642857142857142,0,0,8,8,7,12.642857142857142,0,12.7,3.7,-1.7,2
1,9500,1,136.0,1,0,1,18,0,0,7,7,6,12.916666666666666,0,0,7,7,6,12.916666666666666,0,7.6,2.6,0.32,2
1,9130,1,140.0,1,0,1,20,0,0,6,8,6,15.625,0,0,6,8,6,15.857142857142858,0,13.9,-0.3,0.79,2
1,9991,1,126.3,1,0,1,26,0,0,5,7,0,0.0,0,0,5,8,0,0.0,0,16.2,0.3,-0.92,0
1,9773,1,126.9,1,0,0,21,0,0,6,8,6,11.714285714285714,0,0,6,7,6,12.0,0,7.6,2.6,0.32,2
1,9556,1,145.0,1,0,0,25,0,0,7,10,6,12.125,0,0,8,9,8,13.3125,0,15.5,2.8,-4.06,1
1,9147,1,115.8,1,0,1,19,0,0,5,7,5,11.6,0,0,5,5,5,11.6,0,12.4,0.5,1.79,2
1,8014,1,100.0,1,0,0,24,0,0,6,11,1,10.0,0,0,6,6,0,0.0,6,9.4,-0.8,-3.12,0
1,8014,1,102.5,1,0,1,27,0,0,6,16,1,10.0,0,0,6,13,0,0.0,0,8.9,1.4,3.51,0
1,9085,1,131.5,1,0,0,21,0,0,5,10,0,0.0,1,0,5,9,2,13.5,0,7.6,2.6,0.32,0
1,9147,1,147.0,1,0,1,18,0,0,5,7,4,13.0,0,0,5,8,3,12.333333333333334,0,9.4,-0.8,-3.12,2
2,9853,1,122.5,1,0,1,19,0,0,6,6,6,13.333333333333334,0,0,6,6,6,14.5,0,10.8,1.4,1.74,2
1,9254,1,117.5,1,0,0,18,0,0,6,9,4,11.25,0,0,6,13,2,12.5,0,9.4,-0.8,-3.12,0
1,9500,1,150.0,1,0,1,19,0,0,7,9,5,13.85,0,0,8,9,7,12.19285714285714,0,11.1,0.6,2.02,2
1,9500,1,127.5,1,0,1,19,0,0,7,8,6,13.741666666666667,0,0,8,9,7,14.9125,0,16.2,0.3,-0.92,2
2,9991,1,140.0,1,0,0,33,0,2,6,7,6,15.333333333333334,0,0,5,5,5,15.8,0,11.1,0.6,2.02,2
2,9147,1,130.0,1,0,0,45,0,0,5,6,5,11.0,0,0,5,5,5,13.8,0,12.4,0.5,1.79,2
1,9238,1,133.3,1,0,1,20,0,0,6,6,6,12.0,0,0,6,7,6,12.857142857142858,0,11.1,0.6,2.02,2
1,9670,1,97.0,1,0,0,28,0,0,5,5,0,0.0,0,0,5,5,0,0.0,0,7.6,2.6,0.32,0
1,9500,1,112.0,1,0,1,19,0,0,8,15,7,11.571428571428571,0,0,8,15,7,11.571428571428571,0,12.7,3.7,-1.7,2
1,9254,1,123.6,1,0,0,18,0,0,6,10,6,12.857142857142858,0,0,6,6,3,12.666666666666666,0,12.7,3.7,-1.7,2
1,9254,1,130.5,1,0,0,38,0,0,6,0,0,0.0,0,0,6,0,0,0.0,0,15.5,2.8,-4.06,0
1,9670,1,133.3,1,0,0,19,0,0,5,5,5,13.0,0,0,5,5,5,13.2,0,9.4,-0.8,-3.12,2
1,9254,1,132.1,1,0,1,21,0,0,6,9,5,11.0,0,0,6,8,5,12.0,0,15.5,2.8,-4.06,2
1,9147,1,100.0,1,0,0,21,0,0,5,12,3,12.0,0,0,5,12,1,15.0,3,16.2,0.3,-0.92,0
1,9238,1,140.4,1,0,1,22,0,0,6,6,5,12.6,0,0,6,6,6,13.0,0,10.8,1.4,1.74,2
1,9853,1,141.7,1,0,1,18,0,0,6,8,5,13.4,0,0,6,7,6,13.166666666666666,0,9.4,-0.8,-3.12,2
1,9238,1,119.7,1,0,1,18,0,0,6,9,6,11.333333333333334,0,0,6,9,6,11.571428571428571,0,15.5,2.8,-4.06,2
1,9130,1,122.5,0,0,0,25,0,0,5,14,4,13.5,2,0,5,10,4,14.25,0,9.4,-0.8,-3.12,0
1,9085,1,140.0,0,0,0,24,0,2,6,11,3,11.75,0,1,6,14,3,10.333333333333334,0,16.2,0.3,-0.92,0
1,9500,1,119.4,1,0,0,19,0,0,7,10,6,12.471428571428572,0,0,7,8,7,11.4625,0,12.4,0.5,1.79,1
1,171,1,155.0,1,0,0,24,0,11,17,19,11,12.909090909090908,0,9,13,15,9,13.555555555555555,0,12.4,0.5,1.79,1
1,9147,1,119.1,1,0,1,20,0,0,5,5,5,11.6,0,0,5,5,5,13.6,0,12.4,0.5,1.79,2
1,9147,1,122.7,0,0,0,25,0,0,5,5,0,0.0,0,0,5,9,0,0.0,0,10.8,1.4,1.74,0
1,9147,1,117.9,1,0,1,20,0,5,10,13,9,12.9,0,4,10,12,10,12.363636363636363,0,8.9,1.4,3.51,2
1,9500,1,130.0,1,0,0,23,0,0,8,8,8,13.22,0,0,8,8,8,13.22,0,9.4,-0.8,-3.12,2
1,9500,1,120.0,1,0,1,19,0,0,8,8,7,13.151428571428571,0,0,8,8,7,13.151428571428571,0,10.8,1.4,1.74,2
1,9003,1,130.0,0,0,0,29,0,0,6,13,3,12.75,0,0,6,8,3,11.333333333333334,0,13.9,-0.3,0.79,0
1,9254,1,116.8,1,0,0,21,0,0,6,8,6,11.333333333333334,0,0,6,8,4,12.25,0,11.1,0.6,2.02,2
1,9670,1,123.4,1,0,1,18,0,0,6,10,6,13.25,0,0,6,13,5,14.142857142857142,0,11.1,0.6,2.02,2
1,9070,1,125.4,1,0,0,19,0,0,6,7,5,12.4,0,0,6,6,5,12.4,0,9.4,-0.8,-3.12,1
1,9773,1,127.2,1,0,1,18,0,0,6,6,6,15.0,0,0,6,6,6,12.833333333333334,0,8.9,1.4,3.51,0
1,9085,1,103.4,1,0,0,19,0,0,5,6,5,14.4,0,0,5,6,5,13.0,0,7.6,2.6,0.32,2
1,9773,1,123.2,1,0,0,18,0,0,6,12,1,11.0,0,0,6,12,0,0.0,0,9.4,-0.8,-3.12,1
1,9147,1,124.1,1,0,0,18,0,0,5,8,5,12.4,0,0,5,6,5,10.8,0,8.9,1.4,3.51,2
2,9556,1,99.5,0,0,1,37,0,0,7,13,1,16.0,0,0,7,12,0,0.0,0,8.9,1.4,3.51,0
1,9991,1,124.9,1,0,0,29,0,0,5,10,5,13.571428571428571,0,0,5,14,5,12.333333333333334,3,16.2,0.3,-0.92,2
1,9070,1,110.8,1,0,0,18,0,0,6,6,6,11.833333333333334,0,0,6,6,6,12.5,0,7.6,2.6,0.32,1
1,9238,1,118.9,1,0,1,19,0,0,6,8,5,11.666666666666666,0,0,6,9,5,12.666666666666666,0,12.4,0.5,1.79,2
1,9238,1,118.8,0,0,0,22,0,6,10,16,6,11.833333333333334,0,2,7,8,2,13.0,0,16.2,0.3,-0.92,0
1,9254,1,137.0,1,0,1,20,0,0,6,8,6,11.166666666666666,0,0,6,10,5,10.6,0,15.5,2.8,-4.06,2
1,8014,1,100.0,1,0,0,34,0,0,6,0,0,0.0,0,0,6,0,0,0.0,0,12.7,3.7,-1.7,0
1,9119,1,120.0,0,0,0,30,0,8,12,17,8,11.75,0,6,12,19,6,12.166666666666666,2,7.6,2.6,0.32,0
1,9238,1,122.8,1,0,0,18,0,0,6,7,6,14.0,0,0,6,7,6,14.0,0,10.8,1.4,1.74,2
1,9238,1,121.6,1,0,0,18,0,0,6,6,6,12.833333333333334,0,0,6,6,6,12.0,0,12.4,0.5,1.79,2
1,9773,1,149.2,1,0,0,18,0,0,6,11,4,12.25,0,0,6,10,3,11.666666666666666,0,9.4,-0.8,-3.12,2
1,9500,1,140.0,1,0,0,18,0,0,8,8,7,14.828571428571427,0,0,8,8,7,14.828571428571427,0,12.7,3.7,-1.7,2
1,9773,1,133.4,1,0,1,19,0,0,6,7,5,11.4,0,0,6,8,5,12.8,0,12.7,3.7,-1.7,2
1,9070,1,126.2,1,0,1,19,0,0,6,6,6,13.0,0,0,6,8,6,12.5,0,10.8,1.4,1.74,2
1,9500,1,127.8,1,0,1,18,0,0,8,8,7,13.671428571428573,0,0,8,8,7,13.671428571428573,0,12.7,3.7,-1.7,2
1,9003,1,150.0,1,0,1,21,0,0,6,9,6,12.666666666666666,0,0,6,8,5,12.8,0,13.9,-0.3,0.79,2
1,9147,1,113.7,0,0,0,20,0,0,5,10,2,10.0,0,0,5,12,1,13.0,0,7.6,2.6,0.32,0
1,9147,1,117.8,1,0,0,20,0,0,5,10,5,13.5,0,0,5,8,5,12.333333333333334,0,13.9,-0.3,0.79,2
1,9500,1,136.7,1,0,0,19,0,2,7,8,7,12.67,0,1,8,8,8,13.55,0,11.1,0.6,2.02,2
1,9238,1,144.7,1,0,0,20,0,0,6,8,6,14.5,0,0,6,7,6,15.428571428571429,0,16.2,0.3,-0.92,2
1,9500,1,139.8,1,0,0,18,0,0,7,7,7,13.685714285714283,0,0,8,8,8,15.3875,0,13.9,-0.3,0.79,2
1,9853,1,113.7,1,0,0,20,0,0,6,8,5,11.0,0,0,6,10,3,10.666666666666666,0,12.7,3.7,-1.7,0
2,9130,1,140.0,0,0,0,29,0,7,9,16,7,11.555555555555555,4,5,7,12,5,13.2,2,7.6,2.6,0.32,0
1,9500,1,142.3,1,0,1,18,0,0,7,7,7,13.79714285714286,0,0,8,8,8,13.775,0,12.4,0.5,1.79,1
1,9500,1,119.6,1,0,1,20,0,0,7,8,7,14.00375,0,0,8,11,7,13.812857142857142,0,15.5,2.8,-4.06,2
1,9147,1,123.7,1,0,1,22,0,0,5,8,4,12.0,0,0,5,8,4,11.4,2,16.2,0.3,-0.92,2
4,8014,1,143.0,1,0,1,47,0,0,6,9,5,14.166666666666666,0,0,6,7,6,14.166666666666666,0,16.2,0.3,-0.92,2
2,9991,1,100.1,1,0,0,31,0,1,5,5,5,14.0,0,0,5,5,5,13.8,0,8.9,1.4,3.51,2
1,9070,1,119.4,1,0,1,21,0,0,6,7,5,13.8,0,0,6,6,6,12.833333333333334,0,16.2,0.3,-0.92,2
1,8014,1,122.1,1,0,0,21,0,0,6,8,5,12.8,0,0,6,10,6,11.857142857142858,0,7.6,2.6,0.32,2
2,9773,1,100.0,1,0,0,24,0,0,6,6,6,12.166666666666666,0,0,6,6,6,13.833333333333334,0,7.6,2.6,0.32,2
1,9070,1,113.9,1,0,0,18,0,0,6,8,6,12.5,0,0,6,6,6,12.333333333333334,0,15.5,2.8,-4.06,1
1,8014,1,101.0,1,0,0,32,0,0,6,9,4,12.0,0,0,6,12,4,11.5,0,7.6,2.6,0.32,2
1,8014,1,111.8,1,0,1,19,0,0,6,8,6,10.833333333333334,0,0,6,9,6,11.5,0,10.8,1.4,1.74,2
1,9500,1,140.0,1,0,0,24,0,0,8,8,8,13.385,0,0,8,8,8,13.385,0,9.4,-0.8,-3.12,2
1,9085,1,124.4,1,0,0,19,0,0,6,14,6,15.666666666666666,0,0,6,9,6,14.5,0,15.5,2.8,-4.06,2
1,9003,1,150.0,1,0,1,19,0,0,6,9,6,14.333333333333334,0,0,6,7,6,13.833333333333334,0,13.9,-0.3,0.79,2
1,9003,1,140.0,1,0,0,24,0,0,6,10,6,11.428571428571429,0,0,6,12,5,13.0,0,12.4,0.5,1.79,1
1,9238,1,116.0,1,0,1,18,0,0,6,9,6,11.666666666666666,0,0,6,8,6,11.666666666666666,0,8.9,1.4,3.51,2
1,9070,1,135.6,1,0,1,19,0,0,6,9,5,12.0,0,0,6,10,2,11.333333333333334,0,8.9,1.4,3.51,0
2,9500,1,121.0,1,0,1,19,0,0,8,8,7,14.725714285714288,0,0,8,8,7,14.725714285714288,0,10.8,1.4,1.74,2
1,9773,1,118.7,1,0,1,18,0,0,6,6,6,14.166666666666666,0,0,6,6,6,13.666666666666666,0,12.4,0.5,1.79,2
1,9238,1,125.7,1,0,0,18,0,0,6,10,6,11.571428571428571,0,0,6,8,6,12.333333333333334,0,12.4,0.5,1.79,2
1,9556,1,107.1,1,0,0,20,0,0,7,7,7,12.5,0,0,8,8,8,13.1375,0,12.4,0.5,1.79,2
1,9500,1,125.5,1,0,0,18,0,0,8,10,8,12.86,2,0,8,10,8,12.86,2,9.4,-0.8,-3.12,2
1,9670,1,127.0,1,0,0,18,0,0,6,10,6,12.25,0,0,6,9,6,13.714285714285714,0,11.1,0.6,2.02,2
1,9085,1,113.5,1,0,1,21,0,0,5,7,4,12.0,0,0,5,5,5,12.2,0,10.8,1.4,1.74,2
1,9500,1,154.4,1,0,1,18,0,0,7,9,7,15.116666666666667,0,0,8,9,8,16.168888888888887,0,15.5,2.8,-4.06,2
1,9670,1,122.0,0,0,0,18,0,0,5,6,2,12.5,0,0,5,6,4,10.25,0,9.4,-0.8,-3.12,0
1,9238,1,128.0,1,0,0,19,0,0,6,11,0,0.0,0,0,6,0,0,0.0,0,9.4,-0.8,-3.12,0
1,9670,1,115.5,1,0,0,19,0,0,6,8,4,11.0,0,0,6,9,4,11.0,0,10.8,1.4,1.74,1
1,9670,1,117.2,1,0,0,18,0,0,6,8,6,11.875,0,0,6,11,4,14.6,0,11.1,0.6,2.02,2
1,9130,1,150.0,1,0,0,34,0,1,5,6,1,11.0,0,0,5,5,0,0.0,0,12.7,3.7,-1.7,0
1,9085,1,155.3,1,0,0,19,0,0,5,5,5,15.2,0,0,5,6,5,13.2,0,7.6,2.6,0.32,2
1,9130,1,120.0,0,0,0,19,0,2,6,7,5,11.6,0,1,6,12,2,11.0,0,12.4,0.5,1.79,0
1,9238,1,116.1,1,0,0,26,0,0,6,6,6,14.833333333333334,0,0,6,7,6,15.142857142857142,0,11.1,0.6,2.02,2
1,9853,1,118.9,1,0,0,21,0,0,6,12,3,11.333333333333334,0,0,6,10,3,11.333333333333334,0,7.6,2.6,0.32,0
1,9147,1,127.3,1,0,1,18,0,0,5,5,5,11.2,0,0,5,5,5,11.8,0,11.1,0.6,2.02,2
1,9853,1,113.7,1,0,1,20,0,0,6,8,5,13.4,0,0,6,9,5,13.666666666666666,0,9.4,-0.8,-3.12,2
1,9147,1,118.5,1,0,0,25,0,0,5,12,2,10.5,0,0,5,5,0,0.0,0,11.1,0.6,2.02,0
1,9147,1,146.7,1,0,0,18,0,0,5,5,5,16.2,0,0,5,5,5,16.4,0,11.1,0.6,2.02,2
1,9500,1,124.3,1,0,1,18,0,0,7,7,7,14.542857142857144,0,0,8,11,8,14.88181818181818,0,16.2,0.3,-0.92,2
1,9500,1,137.8,1,0,0,19,0,0,7,7,7,13.694285714285714,0,0,8,9,8,14.355555555555554,0,11.1,0.6,2.02,2
1,9238,1,130.2,1,0,1,18,0,0,6,8,6,11.285714285714286,0,0,6,10,6,11.857142857142858,0,12.4,0.5,1.79,2
1,9500,1,147.8,1,0,0,20,0,0,7,11,6,11.757142857142856,0,0,8,12,6,13.083333333333334,0,15.5,2.8,-4.06,1
1,9085,1,150.0,0,0,0,26,0,0,3,3,0,0.0,0,0,6,0,0,0.0,0,8.9,1.4,3.51,0
1,9500,1,100.0,1,0,1,19,0,0,8,8,7,13.058571428571428,0,0,8,8,7,13.058571428571428,0,10.8,1.4,1.74,2
1,9500,1,155.6,1,0,0,19,0,0,7,7,7,14.3,0,0,8,9,8,14.055555555555555,0,16.2,0.3,-0.92,2
1,9147,1,117.4,1,0,0,19,0,3,10,15,5,11.8,0,4,10,14,8,12.0,0,7.6,2.6,0.32,2
1,9085,1,128.8,1,0,0,19,0,0,5,9,3,10.333333333333334,1,0,5,8,3,13.0,0,7.6,2.6,0.32,1
1,9254,1,117.5,1,0,0,18,0,0,6,7,6,10.571428571428571,0,0,6,11,3,11.666666666666666,0,16.2,0.3,-0.92,2
1,9500,1,120.4,1,0,0,19,0,0,7,7,6,13.333333333333334,0,0,7,7,6,13.333333333333334,0,7.6,2.6,0.32,2
1,9238,1,130.9,1,0,0,18,0,0,6,10,6,11.857142857142858,0,0,6,9,5,11.0,0,13.9,-0.3,0.79,2
1,9853,1,125.0,1,0,0,18,0,0,6,9,5,12.6,0,0,6,8,5,11.4,0,9.4,-0.8,-3.12,1
1,9085,1,136.8,1,0,0,18,0,0,5,11,5,14.0,3,0,5,7,5,11.6,0,9.4,-0.8,-3.12,1
1,9853,1,121.6,1,0,0,18,0,0,7,12,5,12.0,0,0,7,9,6,12.666666666666666,0,11.1,0.6,2.02,1
1,9119,1,151.0,1,0,0,26,0,0,5,6,0,0.0,0,0,5,5,0,0.0,0,16.2,0.3,-0.92,0
1,9238,1,103.5,1,0,0,20,0,0,6,7,6,12.0,0,0,6,7,6,13.0,0,12.4,0.5,1.79,2
1,8014,1,119.4,1,0,0,19,0,0,6,6,6,12.666666666666666,0,0,6,6,6,11.666666666666666,0,12.7,3.7,-1.7,2
1,9238,1,134.4,1,0,1,18,0,0,6,6,6,12.166666666666666,0,0,6,9,6,13.666666666666666,0,9.4,-0.8,-3.12,2
1,9238,1,143.0,1,0,0,19,0,3,6,6,6,13.333333333333334,0,2,6,6,6,14.666666666666666,0,13.9,-0.3,0.79,2
1,9853,1,110.0,1,0,0,40,0,0,7,8,7,15.0,0,0,7,7,7,14.571428571428571,0,12.4,0.5,1.79,2
1,9500,1,132.5,1,0,1,18,0,0,8,8,8,13.39125,0,0,8,8,8,13.39125,0,9.4,-0.8,-3.12,2
1,9238,1,114.7,1,0,0,19,0,0,6,9,5,12.166666666666666,0,0,6,8,6,12.428571428571429,0,13.9,-0.3,0.79,2
1,9130,1,166.9,1,0,0,18,0,0,5,9,4,11.25,0,0,5,6,4,12.5,0,7.6,2.6,0.32,2
1,9085,1,125.9,1,0,0,19,0,0,5,13,4,12.0,2,0,5,8,3,12.0,0,9.4,-0.8,-3.12,1
1,171,1,178.3,1,0,0,18,0,0,0,0,0,0.0,0,0,0,0,0,0.0,0,15.5,2.8,-4.06,0
2,8014,1,117.0,1,0,0,33,0,0,6,7,6,12.833333333333334,0,0,6,8,6,12.857142857142858,0,12.4,0.5,1.79,2
1,9003,1,150.0,1,0,0,35,0,0,6,10,6,14.0,0,0,6,11,6,13.1,0,16.2,0.3,-0.92,2
1,9147,1,130.0,1,0,0,26,0,3,5,5,4,13.0,0,1,5,7,2,12.0,0,9.4,-0.8,-3.12,1
1,9773,1,135.1,1,0,0,18,0,0,6,7,6,13.5,0,0,6,8,6,12.5,0,9.4,-0.8,-3.12,2
1,9238,1,110.0,1,0,0,36,0,10,16,24,13,10.692307692307692,1,9,13,19,9,12.307692307692308,0,15.5,2.8,-4.06,1
4,9991,1,136.2,1,0,0,39,0,0,5,6,5,11.0,0,0,5,9,5,11.666666666666666,0,10.8,1.4,1.74,2
2,9238,1,116.0,1,0,0,44,0,0,6,8,6,13.0,0,0,6,6,6,13.833333333333334,0,12.7,3.7,-1.7,2
1,8014,1,100.0,1,0,0,20,0,0,6,10,5,12.0,0,0,6,9,4,11.25,0,9.4,-0.8,-3.12,1
1,9254,1,116.3,1,0,0,24,0,0,6,9,4,12.6,0,0,6,6,4,11.5,0,12.7,3.7,-1.7,0
1,9773,1,134.0,1,0,1,20,0,0,6,6,6,13.666666666666666,0,0,6,6,6,13.333333333333334,0,12.4,0.5,1.79,2
1,171,1,124.2,0,0,0,19,0,0,0,0,0,0.0,0,0,0,0,0,0.0,0,9.4,-0.8,-3.12,0
2,9500,1,134.5,1,0,1,18,0,0,7,7,6,14.2,0,0,7,7,6,14.2,0,7.6,2.6,0.32,2
1,9254,1,120.7,0,0,0,22,0,0,6,10,5,11.0,0,0,6,12,0,0.0,0,10.8,1.4,1.74,0
1,9085,1,127.1,1,0,0,18,0,0,6,7,6,15.0,0,0,6,7,6,16.428571428571427,0,11.1,0.6,2.02,2
1,9500,1,133.0,1,0,0,24,0,0,7,9,6,12.585714285714284,0,0,8,9,7,13.44285714285714,0,13.9,-0.3,0.79,2
1,9991,1,128.2,1,0,0,33,0,0,5,0,0,0.0,0,0,5,0,0,0.0,0,12.7,3.7,-1.7,0
1,9003,1,130.0,1,0,1,30,0,0,6,6,0,0.0,0,0,6,6,0,0.0,0,11.1,0.6,2.02,1
1,9085,1,172.0,1,0,0,26,0,0,6,0,0,0.0,0,0,6,0,0,0.0,0,8.9,1.4,3.51,0
1,9853,1,128.5,1,0,0,18,0,0,6,7,6,11.666666666666666,0,0,6,10,6,11.833333333333334,0,10.8,1.4,1.74,2
1,9773,1,128.5,1,0,0,19,0,0,6,13,3,12.666666666666666,0,0,6,12,2,10.0,0,10.8,1.4,1.74,0
1,9147,1,112.0,1,0,0,20,0,0,5,10,3,10.333333333333334,0,0,5,9,4,11.0,2,16.2,0.3,-0.92,1
1,9085,1,142.5,1,0,1,22,0,7,11,18,8,13.5,0,4,9,16,7,13.714285714285714,0,8.9,1.4,3.51,2
1,9500,1,133.0,1,0,0,19,0,0,7,8,5,13.98,0,0,7,8,5,13.98,0,7.6,2.6,0.32,1
1,9085,1,106.0,1,0,1,21,0,0,6,13,6,16.153846153846153,0,0,6,10,6,15.75,0,15.5,2.8,-4.06,2
1,9500,1,125.5,1,0,1,21,0,0,7,7,6,14.033333333333331,0,0,7,7,6,14.033333333333331,0,7.6,2.6,0.32,2
1,9085,1,131.2,1,0,0,19,0,0,5,8,1,11.0,0,0,5,6,5,11.2,0,7.6,2.6,0.32,1
1,9853,1,112.9,1,0,1,19,0,0,7,8,7,13.857142857142858,0,0,7,8,6,13.666666666666666,0,8.9,1.4,3.51,2
1,9500,1,124.8,1,0,0,18,0,0,8,8,7,13.414285714285716,0,0,8,8,7,13.414285714285716,0,12.7,3.7,-1.7,0
2,8014,1,140.9,1,0,0,50,0,7,11,11,11,13.545454545454543,0,3,7,7,7,13.571428571428571,0,16.2,0.3,-0.92,2
4,9991,1,148.0,1,0,1,31,0,0,5,11,4,11.25,0,0,5,10,4,10.833333333333334,0,13.9,-0.3,0.79,1
1,9773,1,148.4,1,0,1,19,0,0,6,6,6,13.833333333333334,0,0,6,7,6,14.428571428571429,0,15.5,2.8,-4.06,2
4,9991,1,129.7,1,0,0,35,0,0,5,8,5,12.0,0,0,5,9,5,12.857142857142858,0,13.9,-0.3,0.79,2
2,9085,1,128.2,1,0,0,31,0,0,6,0,0,0.0,0,0,6,0,0,0.0,0,12.7,3.7,-1.7,0
2,8014,1,104.0,1,0,0,42,0,5,11,14,10,11.9,0,5,11,14,10,12.8,0,11.1,0.6,2.02,1
1,9147,1,119.9,0,0,0,34,0,0,5,5,0,0.0,0,0,5,0,0,0.0,0,9.4,-0.8,-3.12,0
1,9500,1,141.0,1,0,1,18,0,0,7,7,7,15.135714285714286,0,0,8,8,8,15.287499999999998,0,12.4,0.5,1.79,2
1,9853,1,116.6,0,0,1,18,0,0,7,7,7,12.285714285714286,0,0,7,8,6,13.333333333333334,0,8.9,1.4,3.51,1
1,9085,1,140.0,1,0,0,21,0,2,6,16,5,12.666666666666666,0,1,6,15,2,13.5,0,16.2,0.3,-0.92,1
4,9500,1,140.0,1,0,1,26,0,0,7,13,5,12.74,0,0,8,12,6,10.978571428571428,0,16.2,0.3,-0.92,0
1,9500,1,100.0,1,0,0,20,0,0,7,8,6,13.25,0,0,8,8,8,13.75,0,13.9,-0.3,0.79,1
1,9238,1,121.0,1,0,0,19,0,0,6,13,3,10.333333333333334,0,0,6,12,3,10.333333333333334,0,7.6,2.6,0.32,1
1,9853,1,117.0,1,0,1,19,0,0,6,7,6,13.428571428571429,0,0,6,6,6,13.166666666666666,0,15.5,2.8,-4.06,2
1,9147,1,140.2,1,0,0,20,0,6,11,19,9,12.555555555555555,0,3,9,14,8,11.11111111111111,0,8.9,1.4,3.51,2
1,9238,1,129.3,1,0,0,19,0,0,6,8,6,11.5,0,0,6,7,6,11.166666666666666,0,7.6,2.6,0.32,2
1,9853,1,145.3,1,0,0,18,0,0,6,6,6,13.666666666666666,0,0,6,9,6,12.333333333333334,0,7.6,2.6,0.32,2
1,9991,1,146.2,1,0,0,28,0,10,14,16,11,11.272727272727272,0,6,11,16,10,12.0,0,10.8,1.4,1.74,2
1,9853,1,122.5,1,0,0,22,0,0,6,10,5,13.166666666666666,0,0,6,8,5,12.4,0,15.5,2.8,-4.06,1
1,8014,1,156.1,1,0,1,21,0,3,6,6,6,14.666666666666666,0,2,6,6,6,14.166666666666666,0,13.9,-0.3,0.79,2
1,9085,1,140.0,1,0,0,21,0,0,6,11,4,12.75,0,0,6,19,1,11.0,0,12.4,0.5,1.79,1
1,9500,1,140.0,1,0,0,26,0,0,7,11,5,11.2,0,0,8,13,5,12.14,0,16.2,0.3,-0.92,1
1,9773,1,128.4,0,0,0,18,0,0,6,8,5,13.0,0,0,6,8,5,11.4,0,7.6,2.6,0.32,0
1,9085,1,115.0,0,0,0,20,0,0,5,8,2,10.5,0,0,5,8,2,12.333333333333334,0,7.6,2.6,0.32,0
1,9085,1,158.7,1,0,0,18,0,0,6,7,6,14.857142857142858,0,0,6,7,6,14.0,0,11.1,0.6,2.02,2
1,9500,1,124.5,1,0,1,19,0,0,8,11,7,12.86,0,0,8,11,7,12.86,0,10.8,1.4,1.74,2
1,9238,1,111.9,1,0,0,20,0,5,11,12,11,11.727272727272728,0,5,11,14,11,12.0,0,12.4,0.5,1.79,2
1,9085,1,150.0,1,0,1,22,0,3,6,11,6,13.142857142857142,0,2,6,10,3,12.0,0,13.9,-0.3,0.79,2
1,9670,1,114.2,1,0,0,18,0,0,6,6,5,11.8,0,0,6,9,4,13.714285714285714,0,10.8,1.4,1.74,0
1,9147,1,96.0,1,0,0,19,0,0,5,10,3,10.666666666666666,0,0,5,9,0,0.0,3,16.2,0.3,-0.92,0
1,9070,1,128.9,1,0,1,18,0,0,6,9,5,11.6,0,0,6,8,4,11.2,0,8.9,1.4,3.51,1
1,9254,1,121.7,1,0,0,20,0,0,6,13,3,10.333333333333334,0,0,6,12,3,10.333333333333334,0,10.8,1.4,1.74,1
1,9773,1,114.8,1,0,0,19,0,0,6,11,4,12.25,0,0,6,11,3,11.0,0,7.6,2.6,0.32,1
1,9254,1,127.0,1,0,0,19,0,0,6,6,6,12.0,0,0,6,7,4,12.75,0,12.4,0.5,1.79,1
1,9500,1,131.3,1,0,0,19,0,0,8,8,7,14.731428571428571,0,0,8,8,7,14.731428571428571,0,10.8,1.4,1.74,2
1,171,1,137.1,1,0,0,18,0,0,0,0,0,0.0,0,0,0,0,0,0.0,0,12.7,3.7,-1.7,2
1,9070,1,120.0,1,0,0,21,0,9,13,14,13,13.615384615384617,1,6,12,12,12,14.25,0,13.9,-0.3,0.79,2
1,9991,1,139.0,1,0,0,27,0,0,5,5,5,15.8,0,0,5,5,5,14.8,0,8.9,1.4,3.51,2
1,9238,1,129.1,1,0,0,19,0,0,6,6,6,14.666666666666666,0,0,6,7,6,14.571428571428571,0,15.5,2.8,-4.06,2
4,9085,1,128.2,1,0,0,25,0,0,5,5,0,0.0,0,0,5,5,0,0.0,0,7.6,2.6,0.32,0
1,9500,1,120.8,1,0,1,18,0,0,8,8,7,14.654285714285717,0,0,8,8,7,14.654285714285717,0,10.8,1.4,1.74,2
1,9500,1,135.8,1,0,0,24,0,0,8,8,7,12.401428571428571,0,0,8,8,7,12.401428571428571,0,10.8,1.4,1.74,2
1,9500,1,118.9,1,0,0,20,0,0,7,8,7,11.5875,0,0,8,9,7,14.071428571428571,0,13.9,-0.3,0.79,2
1,9991,1,140.0,1,0,0,26,0,3,5,5,5,14.0,0,1,5,5,5,15.6,0,12.4,0.5,1.79,2
1,9238,1,127.1,1,0,1,20,0,0,6,9,6,12.333333333333334,0,0,6,6,6,11.833333333333334,0,8.9,1.4,3.51,2
1,9085,1,137.0,1,0,0,18,0,0,5,5,5,14.0,0,0,5,6,5,15.4,0,7.6,2.6,0.32,2
1,9085,1,127.4,1,0,0,19,0,0,6,13,6,15.23076923076923,0,0,6,10,6,12.375,0,15.5,2.8,-4.06,2
1,9853,1,97.0,1,0,0,23,0,0,6,9,5,11.6,0,0,6,9,3,11.0,0,12.7,3.7,-1.7,0
1,9500,1,126.3,1,0,1,18,0,0,7,7,6,11.6,0,0,7,7,6,11.6,0,7.6,2.6,0.32,2
1,9500,1,127.5,1,0,0,18,0,0,7,0,0,0.0,0,0,8,0,0,0.0,0,12.7,3.7,-1.7,0
1,9500,1,126.6,1,0,1,19,0,0,7,7,7,12.901428571428571,0,0,8,9,8,13.094444444444443,0,11.1,0.6,2.02,2
1,9991,1,120.0,1,0,0,30,0,4,7,9,7,14.142857142857142,0,1,5,5,5,14.8,0,7.6,2.6,0.32,2
1,9085,1,140.0,1,0,0,29,0,0,6,0,0,0.0,0,0,6,0,0,0.0,0,15.5,2.8,-4.06,0
1,9500,1,131.5,1,0,0,19,0,0,8,8,8,13.25375,0,0,8,8,8,13.25375,0,9.4,-0.8,-3.12,2
1,9556,1,112.2,1,0,0,20,0,0,7,7,7,13.785714285714286,0,0,8,8,8,14.1,0,12.4,0.5,1.79,2
1,9500,1,150.5,1,0,0,20,0,0,7,7,6,13.916666666666666,0,0,7,7,6,13.916666666666666,0,7.6,2.6,0.32,2
1,9670,1,121.0,1,0,0,19,0,0,6,8,6,13.5,0,0,6,9,6,13.571428571428571,0,11.1,0.6,2.02,2
1,9147,1,112.2,1,0,0,20,0,0,5,8,3,11.333333333333334,0,0,5,12,2,10.666666666666666,0,10.8,1.4,1.74,1
3,9085,1,129.4,1,0,0,21,0,0,5,8,0,0.0,4,0,5,12,0,0.0,4,10.8,1.4,1.74,0
1,9670,1,114.4,1,0,0,19,0,0,6,10,5,11.5,0,0,6,9,4,14.6,0,11.1,0.6,2.02,2
1,9500,1,120.3,1,0,1,18,0,0,8,8,7,12.082857142857142,0,0,8,8,7,12.082857142857142,0,10.8,1.4,1.74,2
1,8014,1,120.0,1,0,1,27,0,0,6,8,6,11.833333333333334,0,0,6,10,5,12.8,0,15.5,2.8,-4.06,2
1,9147,1,114.5,1,0,1,19,0,0,5,6,5,13.4,0,0,5,5,5,12.4,0,12.4,0.5,1.79,2
1,9500,1,127.8,1,0,1,19,0,0,7,7,0,0.0,2,0,7,7,0,0.0,2,7.6,2.6,0.32,0
1,9773,1,124.6,1,0,0,19,0,0,6,7,5,14.2,0,0,6,7,6,14.571428571428571,0,15.5,2.8,-4.06,2
1,9500,1,130.3,1,0,1,18,0,0,8,8,7,13.814285714285717,0,0,8,8,7,13.814285714285717,0,12.7,3.7,-1.7,2
1,9254,1,118.2,1,0,1,20,0,0,6,10,4,11.25,0,0,6,6,6,10.5,0,12.4,0.5,1.79,1
1,9670,1,118.8,1,0,1,18,0,0,6,6,6,14.5,0,0,6,8,6,13.666666666666666,0,12.7,3.7,-1.7,2
1,9670,1,133.0,1,0,0,19,0,0,6,0,0,0.0,0,0,6,0,0,0.0,0,7.6,2.6,0.32,0
2,9500,1,129.0,1,0,0,36,0,0,7,7,6,11.3,0,0,7,7,6,11.3,0,7.6,2.6,0.32,2
1,9556,1,100.0,1,0,0,18,0,0,2,2,0,0.0,0,0,4,4,1,16.0,0,10.8,1.4,1.74,1
1,9130,1,120.7,1,0,0,18,0,0,5,11,1,12.0,0,0,5,9,3,12.0,0,12.7,3.7,-1.7,1
1,9500,1,132.5,1,0,0,19,0,0,8,9,7,12.3,0,0,8,9,7,12.3,0,12.7,3.7,-1.7,2
1,9500,1,120.3,1,0,1,18,0,0,8,8,7,12.694285714285714,0,0,8,8,7,12.694285714285714,0,10.8,1.4,1.74,2
1,9670,1,114.6,1,0,0,18,0,0,5,5,4,11.0,0,0,5,5,4,11.0,0,9.4,-0.8,-3.12,2
1,9238,1,116.5,1,0,1,19,0,0,6,6,6,13.0,0,0,6,6,6,14.166666666666666,0,12.4,0.5,1.79,2
1,9500,1,127.8,1,0,1,19,0,0,7,8,7,14.4125,0,0,8,8,8,16.05,0,13.9,-0.3,0.79,2
1,9500,1,129.9,1,0,0,18,0,0,7,8,7,12.92875,0,0,8,8,8,14.0625,0,15.5,2.8,-4.06,0
1,9773,1,118.9,1,0,0,20,0,0,6,6,6,13.333333333333334,0,0,6,10,5,12.8,0,11.1,0.6,2.02,2
1,9254,1,114.3,1,0,1,20,0,0,6,8,5,12.8,0,0,6,9,5,12.8,0,12.4,0.5,1.79,1
1,9500,1,114.8,1,0,0,20,0,0,8,8,7,14.402857142857142,0,0,8,8,7,14.402857142857142,0,10.8,1.4,1.74,2
1,9500,1,123.0,1,0,1,18,0,0,8,8,7,13.381428571428572,0,0,8,8,7,13.381428571428572,0,10.8,1.4,1.74,2
1,9500,1,122.1,1,0,0,18,0,0,7,8,7,14.13125,0,0,8,8,8,13.98375,0,15.5,2.8,-4.06,2
1,9085,1,123.7,1,0,0,19,0,0,5,11,5,11.714285714285714,2,0,5,6,5,12.6,0,9.4,-0.8,-3.12,2
1,9147,1,132.4,1,0,0,19,0,0,5,5,5,11.8,0,0,5,8,4,11.25,0,9.4,-0.8,-3.12,1
2,8014,1,114.8,1,0,0,44,0,0,6,9,6,11.166666666666666,0,1,6,15,2,11.0,1,7.6,2.6,0.32,2
1,9003,1,130.0,1,0,0,32,0,0,6,7,0,0.0,0,0,6,6,0,0.0,0,12.4,0.5,1.79,0
1,9853,1,122.3,1,0,0,22,0,0,6,9,5,13.6,0,0,6,8,5,12.0,0,12.7,3.7,-1.7,0
2,9003,1,152.4,1,0,0,36,0,4,12,14,12,13.846153846153848,0,5,12,18,11,14.090909090909092,0,8.9,1.4,3.51,2
1,9773,1,120.1,1,0,1,18,0,0,6,7,6,12.5,0,0,6,8,6,13.333333333333334,0,16.2,0.3,-0.92,2
1,9130,1,155.1,1,0,0,20,0,0,5,5,5,16.4,0,0,5,5,5,14.6,0,12.7,3.7,-1.7,2
1,9070,1,124.5,1,0,1,20,0,5,11,11,11,13.818181818181818,0,5,11,11,11,13.454545454545457,0,11.1,0.6,2.02,2
1,9238,1,126.9,1,0,0,19,0,0,6,8,5,10.6,0,0,6,11,4,10.5,0,15.5,2.8,-4.06,2
1,9147,1,153.2,1,0,0,24,0,0,5,8,5,10.2,0,0,5,6,5,12.2,0,12.4,0.5,1.79,2
1,9238,1,129.8,1,0,0,20,0,0,6,11,5,10.6,0,0,6,11,4,10.4,0,15.5,2.8,-4.06,1
1,8014,1,135.0,1,0,0,27,0,7,10,10,9,11.444444444444445,0,4,11,11,5,10.8,0,10.8,1.4,1.74,0
1,9853,1,131.3,1,0,0,20,0,0,6,9,5,14.333333333333334,0,4,8,8,8,12.625,0,15.5,2.8,-4.06,1
1,9238,1,125.2,1,0,1,23,0,15,16,18,16,13.0,0,11,13,15,13,13.266666666666667,0,9.4,-0.8,-3.12,2
1,9500,1,141.3,1,0,1,18,0,0,8,9,8,13.31,1,0,8,9,8,13.31,1,9.4,-0.8,-3.12,2
1,9238,1,117.1,1,0,1,18,0,0,6,10,5,10.571428571428571,1,0,6,9,5,12.2,0,12.7,3.7,-1.7,2
1,9500,1,126.5,1,0,1,20,0,0,8,8,7,13.487142857142857,0,0,8,8,7,13.487142857142857,0,10.8,1.4,1.74,2
1,9254,1,120.1,1,0,1,20,0,0,6,6,6,12.333333333333334,0,0,6,7,6,11.833333333333334,0,13.9,-0.3,0.79,2
1,9670,1,128.4,1,0,0,23,0,0,6,11,6,11.875,0,0,6,9,5,12.833333333333334,0,11.1,0.6,2.02,0
1,9500,1,140.0,1,0,0,20,0,0,7,7,6,13.966666666666669,0,0,7,7,6,13.966666666666669,0,7.6,2.6,0.32,2
1,9254,1,110.0,0,0,0,28,0,0,5,10,0,0.0,0,0,5,10,0,0.0,0,7.6,2.6,0.32,0
1,9670,1,116.8,1,0,0,21,0,0,5,8,4,11.5,0,0,5,5,5,12.8,0,7.6,2.6,0.32,2
1,9556,1,104.5,1,0,0,21,0,0,2,2,2,12.5,0,0,7,0,0,0.0,0,12.4,0.5,1.79,0
1,9500,1,140.0,1,0,0,28,0,0,7,0,0,0.0,0,0,8,0,0,0.0,0,7.6,2.6,0.32,0
1,9500,1,113.2,1,0,0,18,0,0,7,10,6,11.98,0,0,8,11,7,13.225,0,16.2,0.3,-0.92,2
1,9238,1,118.6,1,0,1,21,0,0,6,8,5,13.2,0,0,6,7,5,11.8,0,8.9,1.4,3.51,1
1,9500,1,123.8,1,0,0,19,0,0,7,10,6,11.614285714285714,0,0,8,8,8,14.0375,0,13.9,-0.3,0.79,2
1,9500,1,126.7,1,0,1,18,0,0,8,8,7,14.314285714285717,0,0,8,8,7,14.314285714285717,0,12.7,3.7,-1.7,2
1,9500,1,133.8,1,0,0,19,0,0,7,0,0,0.0,0,0,8,0,0,0.0,0,7.6,2.6,0.32,0
1,9085,1,140.0,1,0,0,20,0,2,6,9,6,12.666666666666666,0,1,6,12,2,13.0,0,13.9,-0.3,0.79,1
1,9500,1,100.6,1,0,1,20,0,0,7,9,6,12.766666666666666,0,0,8,10,7,12.128571428571428,0,12.4,0.5,1.79,2
1,9853,1,132.7,1,0,1,18,0,0,6,7,6,12.666666666666666,0,0,6,7,5,12.2,0,10.8,1.4,1.74,2
1,9670,1,106.6,1,0,0,20,0,4,6,7,6,11.5,0,0,6,10,4,10.571428571428571,0,10.8,1.4,1.74,0
1,9670,1,140.4,1,0,0,31,0,2,6,13,5,11.4,0,0,6,14,4,11.75,0,13.9,-0.3,0.79,0
1,9500,1,128.3,1,0,1,19,0,0,7,8,7,14.70625,0,0,8,8,8,14.4775,0,15.5,2.8,-4.06,2
1,9500,1,118.6,1,0,1,19,0,0,7,9,6,11.814285714285717,0,0,8,8,7,13.542857142857144,0,13.9,-0.3,0.79,2
1,9070,1,123.4,1,0,0,23,0,1,6,8,6,13.0,1,0,6,8,6,11.875,0,13.9,-0.3,0.79,2
1,9670,1,124.0,1,0,0,19,0,0,6,7,6,14.857142857142858,0,0,6,6,6,13.333333333333334,0,12.4,0.5,1.79,2
1,9500,1,121.3,1,0,0,20,0,0,7,7,6,12.6,0,0,7,7,6,12.6,0,7.6,2.6,0.32,2
1,9085,1,101.0,1,0,0,22,0,0,6,9,5,13.333333333333334,0,0,6,17,4,11.4,0,12.4,0.5,1.79,1
1,9853,1,116.9,1,0,0,18,0,0,7,10,6,10.666666666666666,0,0,7,12,6,12.833333333333334,0,13.9,-0.3,0.79,1
1,9130,1,130.0,0,0,0,27,0,1,5,6,2,11.5,0,0,5,5,1,11.0,0,12.7,3.7,-1.7,0
1,9556,1,120.0,1,0,0,29,0,0,7,9,1,10.0,0,0,7,0,0,0.0,0,12.7,3.7,-1.7,0
1,9254,1,130.4,1,0,0,18,0,0,6,10,5,11.8,0,0,6,10,5,12.2,0,11.1,0.6,2.02,2
1,9070,1,118.7,1,0,0,18,0,0,6,7,5,11.8,0,0,6,6,6,12.666666666666666,0,16.2,0.3,-0.92,2
1,9500,1,131.5,1,0,0,18,0,0,8,8,8,12.77125,0,0,8,8,8,12.77125,0,9.4,-0.8,-3.12,2
1,9085,1,120.4,1,0,0,20,0,0,5,13,3,11.333333333333334,2,0,5,8,5,12.6,0,9.4,-0.8,-3.12,1
1,9254,1,129.1,1,0,0,18,0,0,6,6,6,12.666666666666666,0,0,6,7,5,14.6,0,11.1,0.6,2.02,2
1,9070,1,132.0,0,0,0,18,0,1,6,10,5,12.2,1,0,6,11,4,10.833333333333334,0,13.9,-0.3,0.79,1
1,9085,1,130.0,0,0,0,28,0,0,5,9,1,12.0,1,0,4,10,0,0.0,4,10.8,1.4,1.74,0
1,9500,1,132.8,1,0,1,18,0,0,8,12,7,11.721428571428572,0,0,8,12,7,11.721428571428572,0,12.7,3.7,-1.7,2
1,9500,1,143.7,1,0,0,27,0,0,7,12,4,14.0,0,0,7,14,3,12.525,0,12.4,0.5,1.79,1
1,33,1,152.8,1,0,0,26,0,0,7,9,7,14.75,0,0,7,12,5,13.8,3,16.2,0.3,-0.92,1
1,9773,1,133.5,1,0,0,18,0,0,6,6,6,12.666666666666666,0,0,6,6,6,13.666666666666666,0,12.7,3.7,-1.7,2
1,9130,1,146.2,1,0,0,18,0,0,5,12,4,13.0,2,0,5,6,5,14.0,0,9.4,-0.8,-3.12,0
1,9147,1,115.2,1,0,0,21,0,0,5,6,0,0.0,0,0,5,5,0,0.0,0,15.5,2.8,-4.06,0
1,9070,1,120.7,1,0,0,18,0,0,6,8,4,10.75,0,0,6,9,0,0.0,0,9.4,-0.8,-3.12,1
2,8014,1,101.8,0,0,0,32,0,0,5,5,0,0.0,0,0,5,10,0,0.0,0,10.8,1.4,1.74,0
1,9670,1,100.0,1,0,0,28,0,0,5,6,4,12.5,0,0,5,7,4,11.75,0,7.6,2.6,0.32,2
1,9991,1,121.9,0,0,0,40,0,0,4,4,0,0.0,0,0,5,0,0,0.0,0,12.7,3.7,-1.7,0
2,8014,1,120.4,0,0,0,39,0,0,5,5,0,0.0,0,0,4,4,0,0.0,0,9.4,-0.8,-3.12,0
2,9238,1,120.4,0,0,0,39,0,0,6,0,0,0.0,0,0,6,0,0,0.0,0,9.4,-0.8,-3.12,0
2,9003,1,148.8,1,0,0,50,0,0,6,7,6,12.5,0,0,6,15,5,12.4,0,8.9,1.4,3.51,2
1,9853,1,123.0,1,0,0,23,0,0,6,10,5,12.8,0,0,6,9,3,11.666666666666666,0,10.8,1.4,1.74,0
4,8014,1,100.0,1,0,0,48,0,0,6,11,1,10.0,0,0,6,11,1,11.0,0,9.4,-0.8,-3.12,0
1,9853,1,112.1,1,0,0,23,0,0,6,11,4,11.25,0,0,6,10,5,10.2,0,7.6,2.6,0.32,0
1,9500,1,126.8,1,0,1,18,0,0,8,8,7,12.61,0,0,8,8,7,12.61,0,10.8,1.4,1.74,2
1,9130,1,115.9,1,0,0,18,0,0,5,14,2,12.0,2,0,5,6,5,12.6,0,9.4,-0.8,-3.12,2
1,9238,26,132.5,0,0,0,20,1,0,6,9,5,13.0,0,0,6,7,6,13.5,0,13.9,-0.3,0.79,2
1,9085,103,132.2,1,0,1,18,1,0,5,9,4,12.0,0,0,5,8,5,13.0,0,10.8,1.4,1.74,2
1,9556,103,183.5,1,0,0,18,1,0,7,8,4,12.0,0,0,8,8,0,0.0,0,16.2,0.3,-0.92,0
1,9119,1,136.0,1,1,0,31,0,0,5,12,1,12.0,0,0,5,9,1,11.0,4,16.2,0.3,-0.92,0
1,9119,1,100.9,1,1,0,24,0,0,5,9,1,12.0,0,0,5,6,3,10.5,0,10.8,1.4,1.74,1
1,171,1,114.5,1,1,0,24,0,0,0,0,0,0.0,0,0,0,0,0,0.0,0,9.4,-0.8,-3.12,2
1,9147,1,110.3,0,1,0,26,0,0,5,5,0,0.0,0,0,5,9,0,0.0,0,10.8,1.4,1.74,0
1,9130,1,137.2,1,1,0,18,0,0,6,11,5,13.625,0,0,6,9,4,11.75,0,16.2,0.3,-0.92,0
1,9147,1,116.9,1,1,1,19,0,0,5,12,3,11.666666666666666,0,0,5,10,3,11.666666666666666,0,12.7,3.7,-1.7,1
1,9670,1,121.8,1,1,0,22,0,0,6,0,0,0.0,0,0,6,0,0,0.0,0,13.9,-0.3,0.79,0
1,9500,1,127.3,1,1,0,18,0,0,8,8,7,11.69,0,0,8,8,7,11.69,0,10.8,1.4,1.74,2
1,9070,1,120.0,0,1,0,20,0,0,6,11,0,0.0,6,0,6,12,0,0.0,12,16.2,0.3,-0.92,0
1,171,1,150.0,1,1,0,25,0,0,0,0,0,0.0,0,0,0,0,0,0.0,0,15.5,2.8,-4.06,2
1,9991,1,100.0,1,1,0,24,0,0,5,10,4,11.5,0,0,5,11,5,11.285714285714286,0,13.9,-0.3,0.79,2
1,9119,1,150.0,1,1,0,27,0,0,5,10,1,14.0,0,0,5,0,0,0.0,0,8.9,1.4,3.51,0
1,9254,1,116.9,1,1,0,21,0,0,6,7,5,11.0,0,0,6,7,5,12.4,0,15.5,2.8,-4.06,2
1,9003,1,140.0,1,1,0,21,0,0,6,7,6,12.857142857142858,0,0,6,6,6,13.166666666666666,0,12.4,0.5,1.79,2
1,9773,1,122.1,1,1,0,19,0,0,6,9,4,12.5,0,0,6,6,6,11.333333333333334,0,10.8,1.4,1.74,0
1,9500,1,160.0,1,1,0,28,0,0,7,7,7,14.528571428571428,0,0,8,11,8,15.018181818181818,0,16.2,0.3,-0.92,2
1,9147,1,118.4,1,1,0,20,0,0,5,8,5,10.0,0,0,5,10,2,12.0,0,7.6,2.6,0.32,1
1,9003,1,150.0,1,1,1,21,0,0,6,8,6,13.0,0,0,6,10,6,12.625,0,15.5,2.8,-4.06,2
1,9500,1,144.9,1,1,1,18,0,0,7,7,7,15.957142857142856,0,0,8,9,8,15.188888888888888,0,16.2,0.3,-0.92,2
1,9119,1,121.1,1,1,1,18,0,0,5,6,5,13.2,0,0,5,8,5,12.6,0,8.9,1.4,3.51,1
1,9147,1,121.8,1,1,0,20,0,0,5,9,4,10.2,0,0,5,6,3,11.0,0,15.5,2.8,-4.06,1
1,9119,1,146.8,1,1,0,25,0,2,5,6,5,14.2,0,1,5,5,2,13.5,0,16.2,0.3,-0.92,1
1,9670,1,138.0,1,1,0,22,0,0,6,8,6,12.625,0,0,6,11,2,14.5,0,11.1,0.6,2.02,1
1,9500,1,138.0,1,1,0,18,0,0,8,11,6,13.496666666666668,1,0,8,11,6,13.496666666666668,1,9.4,-0.8,-3.12,1
1,9147,1,116.3,1,1,0,19,0,0,5,8,5,13.25,0,0,5,8,5,11.0,0,13.9,-0.3,0.79,2
1,9119,1,122.5,1,1,0,19,0,0,5,12,3,12.0,0,0,5,10,3,12.0,0,12.4,0.5,1.79,0
1,9773,1,115.0,0,1,0,25,0,0,6,10,4,13.0,0,0,6,9,4,13.75,0,12.7,3.7,-1.7,0
1,9070,1,115.0,1,1,0,21,0,5,11,12,9,11.77777777777778,0,3,8,11,3,13.666666666666666,0,15.5,2.8,-4.06,0
1,9119,1,119.8,1,1,0,19,0,0,5,10,2,11.0,0,0,6,10,0,0.0,0,11.1,0.6,2.02,0
1,9147,1,95.0,1,1,0,20,0,0,5,14,0,0.0,0,0,5,5,0,0.0,0,11.1,0.6,2.02,0
1,9003,1,150.0,1,1,0,25,0,9,14,16,14,12.428571428571429,0,3,9,13,6,10.857142857142858,0,15.5,2.8,-4.06,0
1,9147,1,117.8,1,1,0,20,0,0,5,8,3,11.0,0,0,5,11,3,12.0,0,10.8,1.4,1.74,1
1,171,1,144.2,1,1,0,18,0,0,0,0,0,0.0,0,0,0,0,0,0.0,0,7.6,2.6,0.32,2
1,9254,1,130.0,1,1,0,23,0,0,6,12,3,11.5,0,0,6,12,3,10.666666666666666,0,8.9,1.4,3.51,1
1,9500,1,128.2,1,1,0,23,0,0,8,8,8,12.5075,0,0,8,8,8,12.5075,0,9.4,-0.8,-3.12,2
1,9003,1,135.3,1,1,0,21,0,7,12,18,11,12.090909090909092,0,5,12,14,11,12.0,0,8.9,1.4,3.51,2
1,9130,1,143.9,1,1,0,20,0,0,5,14,2,11.0,3,0,5,9,3,12.666666666666666,0,9.4,-0.8,-3.12,1
1,9991,1,140.7,1,1,0,25,0,0,5,13,1,10.0,0,0,5,8,2,11.333333333333334,0,12.4,0.5,1.79,0
1,9130,1,130.4,1,1,0,18,0,0,6,6,6,13.5,0,0,6,9,5,13.2,0,8.9,1.4,3.51,2
1,9070,1,123.2,1,1,0,22,0,0,6,6,6,14.166666666666666,0,0,6,8,6,13.625,0,10.8,1.4,1.74,2
1,9670,1,118.0,1,1,0,27,0,0,6,7,6,14.0,0,0,6,7,6,14.714285714285714,0,8.9,1.4,3.51,2
1,9003,1,120.0,1,1,0,25,0,0,3,4,0,0.0,0,0,3,5,0,0.0,0,16.2,0.3,-0.92,0
1,9119,1,118.9,1,1,0,18,0,0,5,9,3,11.666666666666666,0,0,5,10,3,11.333333333333334,4,7.6,2.6,0.32,0
1,9085,1,117.2,1,1,0,20,0,0,5,7,5,14.6,1,0,5,5,5,14.2,0,12.7,3.7,-1.7,2
1,9003,1,120.0,1,1,0,27,0,0,6,10,5,13.0,0,0,6,13,5,11.5,0,16.2,0.3,-0.92,2
1,8014,1,118.1,1,1,0,20,0,0,6,7,6,12.166666666666666,0,0,6,9,6,12.0,0,7.6,2.6,0.32,2
1,9147,1,124.8,1,1,0,22,0,0,5,9,0,0.0,0,0,5,5,1,12.0,0,7.6,2.6,0.32,0
1,9119,1,106.5,1,1,0,19,0,0,5,10,3,10.5,0,0,5,11,3,10.8,0,12.4,0.5,1.79,0
1,9147,1,116.8,1,1,0,20,0,0,5,14,3,12.4,0,0,5,8,5,10.833333333333334,0,13.9,-0.3,0.79,1
1,171,1,109.3,1,1,0,19,0,0,0,0,0,0.0,0,0,0,0,0,0.0,0,9.4,-0.8,-3.12,2
2,9085,1,120.0,0,1,0,29,0,0,5,12,0,0.0,4,0,5,8,0,0.0,1,9.4,-0.8,-3.12,0
1,9500,1,137.5,1,1,0,19,0,0,8,8,7,13.828571428571427,0,0,8,8,7,13.828571428571427,0,12.7,3.7,-1.7,2
1,9991,1,150.0,1,0,1,28,0,0,5,7,5,10.6,0,0,5,6,5,10.2,0,9.4,-0.8,-3.12,1
2,9238,1,120.4,1,0,0,20,0,0,6,7,6,11.5,0,0,6,6,6,11.666666666666666,0,7.6,2.6,0.32,2
1,9070,1,136.7,1,0,0,20,0,0,6,6,4,13.5,0,0,6,8,6,13.625,0,10.8,1.4,1.74,2
1,8014,1,118.5,1,0,0,31,0,0,6,12,0,0.0,0,0,6,0,0,0.0,0,7.6,2.6,0.32,0
1,9500,1,133.0,1,0,0,18,0,0,7,8,7,12.5375,0,0,8,9,7,12.614285714285714,0,13.9,-0.3,0.79,2
1,9670,1,128.8,1,0,0,19,0,0,6,6,6,14.833333333333334,0,0,6,8,6,13.285714285714286,0,8.9,1.4,3.51,1
1,9147,1,133.0,1,0,0,18,0,0,5,10,4,12.0,0,0,5,9,4,12.8,0,13.9,-0.3,0.79,2
1,9254,1,102.0,1,0,0,19,0,0,6,8,5,11.8,0,0,6,8,5,11.6,0,10.8,1.4,1.74,2
1,9147,1,133.9,1,0,1,18,0,0,5,5,5,15.0,0,0,5,5,5,15.2,0,12.7,3.7,-1.7,2
1,9085,1,127.0,1,0,0,19,0,0,5,7,3,12.0,0,0,5,7,5,13.2,0,7.6,2.6,0.32,2
1,9773,1,120.4,1,0,1,18,0,0,6,6,6,12.833333333333334,0,0,6,7,6,12.285714285714286,0,15.5,2.8,-4.06,2
1,9254,1,124.5,1,0,0,19,0,0,6,12,6,11.666666666666666,0,0,6,14,3,12.0,0,7.6,2.6,0.32,2
1,9556,1,123.9,1,0,0,19,0,0,7,9,7,12.1625,0,0,8,8,8,13.825,0,13.9,-0.3,0.79,2
1,9670,1,117.8,1,0,0,18,0,0,6,6,6,13.833333333333334,0,0,6,11,6,14.555555555555555,0,10.8,1.4,1.74,2
1,9500,1,126.7,1,0,0,19,0,0,7,12,4,12.45,0,0,7,11,5,11.7,0,16.2,0.3,-0.92,1
1,9670,1,110.0,1,0,1,20,0,2,6,9,6,12.125,0,2,6,7,6,13.571428571428571,0,11.1,0.6,2.02,2
1,9670,1,134.7,1,0,0,20,0,0,6,8,5,13.4,0,0,6,10,4,13.0,0,12.7,3.7,-1.7,1
1,9003,1,113.2,1,0,0,20,0,0,6,8,6,13.333333333333334,0,0,6,8,5,14.0,0,11.1,0.6,2.02,1
1,9991,1,141.0,1,0,0,29,0,10,15,15,11,11.454545454545457,0,9,13,16,11,11.545454545454543,0,10.8,1.4,1.74,0
1,9853,1,111.5,0,0,1,20,0,0,6,10,4,12.0,0,0,6,14,3,10.0,0,7.6,2.6,0.32,0
4,9853,1,140.0,0,0,0,31,0,0,7,8,6,12.666666666666666,0,0,7,9,5,12.6,0,8.9,1.4,3.51,0
1,9670,1,134.3,1,0,0,20,0,0,6,7,6,12.666666666666666,0,0,6,9,6,13.77777777777778,0,10.8,1.4,1.74,2
1,9003,1,125.3,1,0,0,21,0,12,18,22,18,11.88888888888889,1,11,13,13,13,11.461538461538462,0,15.5,2.8,-4.06,2
1,9130,1,140.0,1,0,0,23,0,0,6,0,0,0.0,0,0,6,0,0,0.0,0,12.4,0.5,1.79,0
1,9070,1,119.6,0,0,0,21,0,0,6,6,4,13.0,0,0,6,8,4,11.6,0,10.8,1.4,1.74,0
1,9500,1,170.0,1,0,0,24,0,4,7,7,7,16.885714285714283,0,3,8,9,8,15.744444444444444,0,16.2,0.3,-0.92,2
1,8014,1,150.5,1,0,0,27,0,0,6,6,6,12.5,0,1,6,6,6,12.333333333333334,0,15.5,2.8,-4.06,2
1,9500,1,128.0,1,0,1,18,0,0,7,9,7,13.055555555555555,0,0,8,8,8,15.8125,0,13.9,-0.3,0.79,2
1,171,1,108.7,0,0,0,21,0,0,0,0,0,0.0,0,0,0,0,0,0.0,0,9.4,-0.8,-3.12,0
1,9130,1,121.6,1,0,1,19,0,0,5,7,0,0.0,0,0,5,5,0,0.0,0,7.6,2.6,0.32,0
1,9500,1,125.3,1,0,1,19,0,0,8,8,7,12.355714285714283,0,0,8,8,7,12.355714285714283,0,10.8,1.4,1.74,2
1,9085,1,117.6,1,0,0,18,0,0,6,0,0,0.0,0,0,6,0,0,0.0,0,12.4,0.5,1.79,0
1,9500,1,124.3,1,0,1,18,0,0,7,8,5,11.98,0,0,7,8,5,11.98,0,7.6,2.6,0.32,1
1,9853,1,106.1,1,0,1,20,0,0,7,7,7,13.857142857142858,0,0,7,8,7,12.571428571428571,0,8.9,1.4,3.51,2
2,8014,1,139.9,1,0,0,24,0,0,6,9,5,13.0,0,0,6,6,6,14.166666666666666,0,9.4,-0.8,-3.12,2
1,9070,1,110.8,1,0,0,20,0,0,6,6,6,12.833333333333334,0,0,6,10,6,11.166666666666666,0,12.4,0.5,1.79,2
1,9147,1,118.0,1,0,0,20,0,0,5,11,4,11.0,0,0,5,7,5,13.2,0,12.4,0.5,1.79,1
1,9500,1,117.8,1,0,1,19,0,0,8,8,7,12.357142857142858,0,0,8,8,7,12.357142857142858,0,12.7,3.7,-1.7,2
1,9500,1,127.5,1,0,1,18,0,0,8,8,7,13.857142857142858,0,0,8,8,7,13.857142857142858,0,12.7,3.7,-1.7,2
1,9238,1,129.7,1,0,1,20,0,0,6,6,6,12.333333333333334,0,0,6,6,6,10.666666666666666,0,9.4,-0.8,-3.12,2
1,9500,1,130.6,1,0,0,20,0,0,7,8,7,12.847142857142858,0,0,8,10,8,13.788888888888888,0,16.2,0.3,-0.92,2
1,9500,1,126.3,1,0,1,19,0,0,7,9,6,12.339999999999998,0,0,8,9,8,13.01875,0,11.1,0.6,2.02,2
1,9085,1,140.0,1,0,0,19,0,0,6,10,5,12.666666666666666,0,0,6,19,4,11.75,0,12.4,0.5,1.79,1
1,9773,1,105.0,1,0,0,20,0,0,6,6,6,13.833333333333334,0,0,6,6,6,12.5,0,12.7,3.7,-1.7,2
1,9147,1,114.6,1,0,0,19,0,0,5,15,2,10.75,0,0,5,11,2,10.0,0,13.9,-0.3,0.79,0
1,9853,1,114.6,1,0,0,19,0,0,6,11,4,13.25,0,0,6,10,4,10.25,0,9.4,-0.8,-3.12,0
1,9500,1,131.0,1,0,1,18,0,0,8,8,8,13.73125,0,0,8,8,8,13.73125,0,9.4,-0.8,-3.12,2
1,9070,1,109.0,1,0,1,23,0,0,6,6,6,13.333333333333334,0,0,6,8,3,12.666666666666666,0,11.1,0.6,2.02,0
1,9853,1,132.0,1,0,0,21,0,0,6,8,5,12.0,0,0,6,9,5,10.8,0,12.7,3.7,-1.7,0
1,8014,1,130.0,1,0,0,23,0,5,9,10,9,10.88888888888889,0,3,8,10,6,11.333333333333334,0,11.1,0.6,2.02,2
1,9500,1,109.5,1,0,0,19,0,0,7,8,7,13.025,0,0,8,9,8,13.811111111111112,0,13.9,-0.3,0.79,2
1,9773,1,115.9,1,0,0,18,0,0,6,6,6,13.0,0,0,6,6,6,14.166666666666666,0,12.4,0.5,1.79,2
1,9773,1,131.6,1,0,0,19,0,0,6,10,5,11.8,0,0,6,10,5,12.0,0,10.8,1.4,1.74,2
1,9500,1,120.0,1,0,1,25,0,0,8,8,7,12.042857142857144,0,0,8,8,7,12.042857142857144,0,12.7,3.7,-1.7,2
1,9853,1,109.7,1,0,0,19,0,0,6,9,5,12.2,0,0,6,10,4,13.0,0,9.4,-0.8,-3.12,1
1,9500,1,136.4,1,0,1,19,0,0,7,8,7,12.8375,0,0,8,8,8,15.5,0,13.9,-0.3,0.79,2
1,9556,1,120.0,1,0,1,24,0,0,7,13,7,11.0,0,0,8,13,7,11.7,0,12.7,3.7,-1.7,2
1,9670,1,132.6,1,0,1,18,0,0,6,7,6,13.5,0,0,6,9,5,14.0,0,8.9,1.4,3.51,2
1,9238,1,112.9,1,0,1,19,0,0,6,8,6,12.125,0,0,6,7,6,12.714285714285714,0,16.2,0.3,-0.92,2
1,9500,1,134.3,1,0,1,18,0,0,8,12,7,12.62857142857143,0,0,8,12,7,12.62857142857143,0,12.7,3.7,-1.7,2
1,9991,1,123.2,1,0,0,27,0,0,5,9,3,10.666666666666666,0,0,5,7,4,11.4,0,10.8,1.4,1.74,1
1,9238,1,117.2,1,0,0,19,0,0,6,11,5,11.2,0,0,6,13,5,11.6,0,15.5,2.8,-4.06,2
1,9773,1,129.8,1,0,1,18,0,0,6,6,6,12.666666666666666,0,0,6,6,6,11.833333333333334,0,12.7,3.7,-1.7,0
2,9670,1,158.0,0,0,0,34,0,0,6,7,4,13.5,0,0,6,6,0,0.0,6,12.7,3.7,-1.7,0
1,9147,1,116.5,1,0,0,18,0,0,5,9,3,11.666666666666666,0,0,5,15,2,11.0,0,7.6,2.6,0.32,1
1,9147,1,121.0,1,0,0,18,0,0,5,8,2,10.5,0,0,5,7,3,12.333333333333334,0,7.6,2.6,0.32,1
1,9500,1,133.8,1,0,0,18,0,0,8,8,8,14.26875,0,0,8,8,8,14.26875,0,9.4,-0.8,-3.12,1
1,9773,1,115.0,0,0,0,20,0,0,6,0,0,0.0,0,0,6,0,0,0.0,0,8.9,1.4,3.51,0
1,9147,1,131.8,1,0,1,19,0,0,5,8,2,10.5,0,0,5,11,3,13.333333333333334,0,7.6,2.6,0.32,1
1,9238,1,121.0,1,0,0,21,0,0,6,11,5,11.2,0,0,6,15,1,10.0,0,7.6,2.6,0.32,1
2,9991,1,152.4,1,0,0,26,0,0,5,5,5,12.0,0,0,5,6,5,14.833333333333334,0,10.8,1.4,1.74,2
1,9556,1,110.2,1,0,0,27,0,0,7,9,7,12.228571428571428,0,1,8,10,8,13.2125,0,10.8,1.4,1.74,2
1,9670,1,113.5,1,0,0,20,0,0,5,6,4,11.5,0,0,5,5,4,10.75,0,9.4,-0.8,-3.12,2
1,9238,1,144.4,1,0,0,18,0,0,6,8,6,15.375,0,0,6,7,6,16.428571428571427,0,16.2,0.3,-0.92,2
1,9085,1,143.3,0,0,0,23,0,7,12,19,9,13.666666666666666,0,4,9,15,6,13.5,0,8.9,1.4,3.51,1
1,9500,1,100.0,1,0,0,24,0,0,8,11,7,12.614285714285714,0,0,8,11,7,12.614285714285714,0,12.7,3.7,-1.7,2
1,9238,1,126.3,1,0,1,19,0,3,6,7,5,12.2,0,2,6,6,6,11.5,0,13.9,-0.3,0.79,2
1,9773,1,115.9,1,0,0,19,0,0,6,13,4,11.75,0,0,6,10,4,11.0,0,10.8,1.4,1.74,2
1,9238,1,114.9,1,0,1,19,0,0,6,9,5,11.4,0,0,6,9,3,10.0,0,8.9,1.4,3.51,1
1,9238,1,121.0,1,0,0,18,0,0,6,10,5,10.6,0,0,6,14,2,10.0,0,7.6,2.6,0.32,1
1,8014,1,112.3,1,0,0,22,0,14,16,16,13,10.923076923076923,0,13,13,13,11,11.454545454545457,0,16.2,0.3,-0.92,2
1,9070,1,127.0,1,0,0,20,0,0,6,6,5,12.4,0,0,6,9,5,12.4,0,12.7,3.7,-1.7,2
1,9003,1,120.0,1,0,0,25,0,0,6,6,0,0.0,0,0,6,6,0,0.0,0,11.1,0.6,2.02,0
1,9003,1,180.0,1,0,0,21,0,0,6,6,6,15.833333333333334,0,0,6,8,6,15.5,0,15.5,2.8,-4.06,2
1,9500,1,117.4,1,0,0,19,0,0,7,12,5,11.8,0,0,7,9,6,11.708333333333334,0,11.1,0.6,2.02,1
1,9773,1,115.8,1,0,0,18,0,0,6,7,6,12.571428571428571,0,0,6,6,6,13.666666666666666,0,13.9,-0.3,0.79,2
1,9670,1,136.5,1,0,0,18,0,0,5,7,3,12.0,0,0,5,7,4,13.25,1,7.6,2.6,0.32,2
1,9500,1,129.0,1,1,0,19,0,0,7,8,7,13.3625,0,0,8,9,8,14.444444444444445,0,13.9,-0.3,0.79,2
1,9085,13,137.6,1,0,1,19,1,0,5,6,5,15.4,0,0,5,5,5,16.0,0,10.8,1.4,1.74,2
1,9773,1,129.5,0,0,0,18,0,0,6,9,5,12.2,0,0,6,9,4,11.75,0,10.8,1.4,1.74,0
1,9238,1,129.1,1,0,1,20,0,6,11,11,11,12.818181818181818,0,6,11,11,11,13.545454545454543,0,12.4,0.5,1.79,2
1,9500,1,130.2,1,0,0,19,0,0,7,0,0,0.0,0,0,8,0,0,0.0,0,12.4,0.5,1.79,0
1,9500,1,134.3,1,0,0,28,0,12,17,21,17,13.394736842105264,0,11,17,19,17,13.554736842105264,0,16.2,0.3,-0.92,2
1,9238,1,138.4,1,0,1,20,0,0,6,8,6,14.25,0,0,6,8,6,11.0,0,12.7,3.7,-1.7,2
1,8014,1,120.0,1,0,0,30,0,9,11,19,9,13.444444444444445,1,5,7,7,7,14.714285714285714,0,7.6,2.6,0.32,0
1,9500,1,123.5,1,0,1,19,0,0,7,8,7,12.285714285714286,0,0,8,10,8,11.7375,0,12.4,0.5,1.79,2
1,9070,1,116.1,1,0,0,22,0,0,6,7,6,11.666666666666666,0,0,6,7,5,13.2,0,12.7,3.7,-1.7,2
1,9254,1,110.8,1,0,0,18,0,0,6,8,6,12.166666666666666,0,0,6,6,6,13.5,0,11.1,0.6,2.02,2
1,9853,1,142.8,1,0,0,23,0,0,6,11,2,10.0,0,0,6,15,2,11.0,0,7.6,2.6,0.32,0
1,9070,1,155.5,1,0,0,18,0,0,6,6,6,14.0,0,0,6,6,6,15.0,0,11.1,0.6,2.02,2
1,9853,1,126.7,1,0,0,18,0,0,6,9,5,11.833333333333334,0,0,6,6,4,12.0,0,15.5,2.8,-4.06,1
2,9773,1,163.5,0,1,0,50,0,0,6,7,1,15.0,0,0,5,12,0,0.0,0,10.8,1.4,1.74,0
1,171,41,161.9,1,0,1,19,1,0,0,0,0,0.0,0,0,0,0,0,0.0,0,13.9,-0.3,0.79,2
1,9254,41,123.3,1,0,0,22,1,0,6,7,6,10.833333333333334,0,0,6,6,6,10.666666666666666,0,13.9,-0.3,0.79,2
1,9238,41,137.5,1,0,1,23,1,3,6,7,6,13.142857142857142,0,2,6,6,6,14.0,0,12.4,0.5,1.79,2
1,9085,1,166.6,0,0,1,20,0,2,5,8,5,14.4,1,0,5,6,5,14.0,0,12.7,3.7,-1.7,0
4,9238,1,103.5,0,0,0,44,0,0,6,0,0,0.0,0,0,6,0,0,0.0,0,13.9,-0.3,0.79,0
4,9003,1,110.0,1,1,0,49,0,6,12,17,7,12.0,0,3,12,19,9,11.22222222222222,0,15.5,2.8,-4.06,2
2,9991,1,128.2,1,1,0,46,0,6,10,13,9,12.2,0,4,10,12,10,12.8,0,7.6,2.6,0.32,2
1,9085,1,137.7,0,1,0,41,0,3,3,3,3,12.333333333333334,0,2,2,2,2,11.0,0,12.4,0.5,1.79,0
1,9500,1,128.8,1,1,0,18,0,0,7,8,7,11.8375,0,0,8,9,8,12.48125,0,13.9,-0.3,0.79,2
3,9991,1,170.0,1,1,0,43,0,0,5,5,5,11.8,0,0,5,6,5,14.0,0,9.4,-0.8,-3.12,2
4,9147,1,116.4,0,1,0,70,0,0,5,5,0,0.0,0,0,5,9,0,0.0,0,10.8,1.4,1.74,0
4,9130,1,100.9,1,1,0,48,0,0,6,0,0,0.0,0,0,6,0,0,0.0,0,15.5,2.8,-4.06,0
2,9003,1,136.0,1,1,0,41,0,18,19,19,19,12.68421052631579,0,12,13,13,13,12.384615384615383,0,15.5,2.8,-4.06,2
1,9254,1,130.0,1,1,0,21,0,0,6,8,6,12.571428571428571,0,0,6,10,4,13.0,0,12.7,3.7,-1.7,1
1,33,41,100.0,0,1,0,35,1,0,7,18,3,11.25,0,0,7,7,0,0.0,0,16.2,0.3,-0.92,0
2,9130,1,157.0,1,1,0,44,0,1,5,13,4,14.0,3,1,5,9,4,15.5,2,10.8,1.4,1.74,2
1,9147,1,152.1,1,1,0,18,0,0,5,15,4,13.333333333333334,0,0,5,6,2,13.5,0,13.9,-0.3,0.79,0
2,8014,1,162.9,1,1,0,45,0,0,6,7,6,13.666666666666666,0,0,6,6,6,13.666666666666666,0,7.6,2.6,0.32,2
1,9254,1,137.2,1,1,0,20,0,0,6,12,3,10.0,0,0,6,9,5,10.8,0,15.5,2.8,-4.06,1
1,9003,1,140.0,1,1,0,22,0,0,6,12,5,12.6,0,0,6,11,6,11.714285714285714,0,12.4,0.5,1.79,2
1,9119,1,146.5,1,1,0,39,0,0,5,10,3,17.333333333333332,0,0,5,11,1,17.0,0,13.9,-0.3,0.79,0
1,9085,1,130.0,0,1,0,20,0,2,6,10,5,13.2,0,1,6,21,3,12.0,0,12.4,0.5,1.79,1
2,9147,1,128.0,1,1,0,49,0,0,5,9,3,14.0,0,0,5,8,3,13.666666666666666,0,8.9,1.4,3.51,0
1,9556,1,190.0,1,1,0,43,0,4,4,4,4,13.875,0,1,1,1,1,12.5,0,11.1,0.6,2.02,0
2,9991,1,133.2,1,1,0,32,0,0,5,5,0,0.0,0,0,5,5,0,0.0,0,7.6,2.6,0.32,0
1,9238,1,124.3,1,1,0,47,0,3,9,9,9,13.11111111111111,0,3,7,7,7,14.857142857142858,0,10.8,1.4,1.74,2
5,9991,1,138.1,1,1,1,37,0,0,5,8,5,13.0,0,0,5,11,4,13.333333333333334,2,16.2,0.3,-0.92,0
2,8014,1,144.3,1,1,0,41,0,6,10,10,10,12.5,0,3,7,7,7,12.142857142857142,0,10.8,1.4,1.74,2
2,9003,1,140.0,1,1,0,60,0,17,18,18,18,14.11111111111111,0,11,13,13,13,14.23076923076923,0,15.5,2.8,-4.06,2
2,9254,1,148.3,1,1,0,47,0,6,11,11,11,14.727272727272728,0,6,9,9,9,15.77777777777778,0,10.8,1.4,1.74,2
1,8014,1,96.0,0,1,0,50,0,0,6,6,0,0.0,0,0,5,6,0,0.0,0,12.4,0.5,1.79,0
2,9991,1,121.7,1,1,0,45,0,0,5,5,0,0.0,0,0,5,5,0,0.0,0,7.6,2.6,0.32,0
1,9119,1,160.0,0,1,0,45,0,0,5,5,0,0.0,0,0,5,5,0,0.0,0,15.5,2.8,-4.06,0
2,9085,1,110.3,1,1,0,33,0,0,5,7,4,13.5,0,0,5,6,5,11.6,0,7.6,2.6,0.32,2
1,9500,1,129.0,1,1,0,18,0,0,8,8,7,13.105714285714283,0,0,8,8,7,13.105714285714283,0,10.8,1.4,1.74,2
2,9085,1,150.0,1,1,0,43,0,0,5,8,5,13.5,2,0,5,5,5,14.4,0,9.4,-0.8,-3.12,2
1,8014,1,100.0,1,1,0,44,0,9,13,18,13,11.846153846153848,0,9,11,11,11,12.0,0,12.7,3.7,-1.7,2
1,9130,1,107.5,1,1,0,29,0,0,5,5,0,0.0,0,0,5,5,0,0.0,0,7.6,2.6,0.32,0
4,9670,1,170.0,0,1,0,53,0,0,6,11,3,14.333333333333334,0,0,6,6,0,0.0,0,12.7,3.7,-1.7,0
2,9991,1,123.0,1,1,0,37,0,0,5,10,5,15.8,0,0,5,5,5,17.6,0,9.4,-0.8,-3.12,1
1,9670,1,138.5,1,1,0,18,0,0,6,16,5,13.8,0,0,6,7,5,12.4,0,13.9,-0.3,0.79,1
1,33,1,140.0,1,1,0,35,0,3,10,18,6,12.666666666666666,0,1,9,11,3,12.0,2,16.2,0.3,-0.92,0
1,9254,1,113.6,1,1,0,23,0,0,6,10,6,13.0,0,0,6,9,6,12.0,0,11.1,0.6,2.02,1
1,171,1,170.0,1,1,0,22,0,0,0,0,0,0.0,0,0,0,0,0,0.0,0,7.6,2.6,0.32,2
1,8014,1,115.5,0,1,0,33,0,0,6,6,1,11.0,0,0,6,0,0,0.0,0,10.8,1.4,1.74,0
1,9130,1,130.0,0,1,0,41,0,0,5,9,0,0.0,4,0,5,9,0,0.0,3,10.8,1.4,1.74,0
4,9500,1,140.0,1,1,0,51,0,4,7,7,7,15.2,0,6,8,8,8,16.575,0,13.9,-0.3,0.79,2
1,9670,1,126.6,1,1,0,19,0,2,6,7,6,14.428571428571429,0,1,7,8,7,14.375,0,11.1,0.6,2.02,2
1,9991,1,143.2,1,1,0,35,0,0,5,5,0,0.0,0,0,5,5,0,0.0,0,11.1,0.6,2.02,0
1,171,41,131.4,1,1,0,20,1,0,0,0,0,0.0,0,0,0,0,0,0.0,0,7.6,2.6,0.32,2
1,9670,1,133.3,1,1,0,18,0,0,6,13,4,13.75,0,0,6,8,5,11.2,0,13.9,-0.3,0.79,1
1,9773,1,118.3,0,1,1,18,0,0,6,11,5,12.166666666666666,0,0,6,15,3,12.0,0,13.9,-0.3,0.79,0
1,9003,1,140.0,1,1,0,21,0,0,6,12,5,12.142857142857142,0,0,6,11,5,11.666666666666666,0,13.9,-0.3,0.79,2
1,9254,1,124.7,1,1,0,21,0,0,6,9,6,12.0,0,0,6,8,5,11.6,0,13.9,-0.3,0.79,2
2,9147,1,140.0,1,1,0,34,0,0,5,10,3,11.666666666666666,1,0,5,7,4,12.75,0,9.4,-0.8,-3.12,2
4,9130,1,150.0,1,1,0,34,0,0,6,9,0,0.0,0,0,6,6,0,0.0,0,16.2,0.3,-0.92,0
1,9670,1,115.6,1,1,0,21,0,0,6,10,6,11.875,0,0,6,8,5,12.0,0,11.1,0.6,2.02,2
1,9773,1,116.9,1,1,0,32,0,6,11,15,7,11.285714285714286,0,5,7,10,6,12.333333333333334,0,13.9,-0.3,0.79,1
1,9254,1,123.4,1,1,0,30,0,0,6,17,2,10.0,0,0,6,15,3,11.333333333333334,0,7.6,2.6,0.32,0
1,171,1,146.5,1,1,0,19,0,6,12,13,11,12.0,0,4,11,15,10,11.181818181818182,0,8.9,1.4,3.51,1
1,9773,1,117.1,1,1,0,20,0,1,7,7,6,13.833333333333334,0,1,6,7,5,13.0,0,8.9,1.4,3.51,0
1,9070,1,113.9,1,1,0,18,0,0,6,0,0,0.0,0,0,6,0,0,0.0,0,12.4,0.5,1.79,0
1,9254,1,128.7,1,1,0,19,0,0,6,7,6,14.428571428571429,0,0,6,6,6,12.5,0,8.9,1.4,3.51,2
1,9500,1,132.9,1,1,0,18,0,0,7,8,5,14.2,0,0,7,9,6,12.4,0,12.4,0.5,1.79,0
1,9991,1,123.0,1,1,0,27,0,0,5,8,4,11.5,0,0,5,9,3,10.333333333333334,0,12.7,3.7,-1.7,0
1,9773,1,129.8,1,1,0,52,0,0,6,7,5,13.0,0,0,6,6,6,15.0,0,9.4,-0.8,-3.12,2
2,9003,1,156.1,0,1,0,29,0,0,6,6,0,0.0,0,0,6,8,0,0.0,0,15.5,2.8,-4.06,0
1,9003,1,120.0,0,1,0,22,0,0,6,12,3,11.333333333333334,0,0,6,13,2,11.0,0,8.9,1.4,3.51,0
1,9085,25,117.2,1,1,0,28,1,13,18,45,18,12.5,12,10,13,26,12,11.428571428571429,6,15.5,2.8,-4.06,2
1,9670,1,107.0,1,1,0,30,0,0,5,5,0,0.0,0,0,5,5,0,0.0,0,7.6,2.6,0.32,0
1,9500,1,128.4,1,0,0,18,0,0,7,7,7,13.471428571428572,0,0,8,9,8,13.944444444444445,0,16.2,0.3,-0.92,2
1,9670,1,123.4,1,0,0,21,0,0,5,5,4,11.75,0,0,5,5,3,13.333333333333334,0,9.4,-0.8,-3.12,2
1,9070,1,126.7,1,0,1,20,0,0,6,9,6,13.333333333333334,0,0,6,10,6,14.666666666666666,0,12.7,3.7,-1.7,2
1,9500,1,123.0,1,0,1,21,0,0,8,8,8,13.105,0,0,8,8,8,13.105,0,9.4,-0.8,-3.12,2
2,9991,1,137.2,0,0,0,32,0,0,5,5,0,0.0,0,0,5,6,0,0.0,0,10.8,1.4,1.74,0
1,9070,1,125.9,1,1,1,20,0,0,6,6,6,15.5,0,0,6,7,6,12.166666666666666,0,12.4,0.5,1.79,2
1,171,1,138.0,0,1,0,19,0,0,0,0,0,0.0,0,0,0,0,0,0.0,0,15.5,2.8,-4.06,0
1,9670,41,128.2,0,1,0,18,1,0,6,6,4,11.25,0,0,6,7,3,12.333333333333334,0,8.9,1.4,3.51,0
1,9991,1,126.5,0,1,0,23,0,10,15,24,12,11.0,0,10,14,21,11,11.363636363636363,1,7.6,2.6,0.32,0
1,9254,1,112.4,1,1,0,20,0,0,6,10,6,12.333333333333334,0,0,6,9,4,13.0,0,12.4,0.5,1.79,2
2,9147,1,109.0,1,0,0,46,0,4,9,18,8,11.375,2,0,5,11,5,11.8,0,9.4,-0.8,-3.12,2
1,9003,1,100.0,1,1,0,27,0,16,18,19,18,12.22222222222222,0,9,12,15,12,12.384615384615383,0,15.5,2.8,-4.06,2
1,171,1,144.7,1,1,0,20,0,0,0,0,0,0.0,0,0,0,0,0,0.0,0,16.2,0.3,-0.92,1
2,8014,1,120.0,1,1,0,41,0,5,9,11,9,12.0,0,3,7,8,6,12.0,0,9.4,-0.8,-3.12,2
1,9147,21,100.0,1,1,0,40,1,0,5,10,1,11.0,0,0,5,10,1,10.0,0,11.1,0.6,2.02,1
2,8014,1,154.0,1,1,0,37,0,12,16,17,16,14.125,0,6,11,14,10,13.0,0,12.4,0.5,1.79,2
1,9147,1,111.3,1,1,0,20,0,0,5,8,5,10.2,0,0,5,7,5,11.2,0,12.4,0.5,1.79,1
1,9130,1,150.0,1,0,0,20,0,0,5,7,4,12.0,1,0,5,6,4,12.4,0,10.8,1.4,1.74,1
1,9991,1,100.0,1,0,0,26,0,8,9,11,9,12.333333333333334,0,4,7,7,7,12.571428571428571,0,12.4,0.5,1.79,2
2,8014,1,162.5,1,1,0,54,0,4,9,9,9,14.333333333333334,0,2,7,7,7,13.857142857142858,0,8.9,1.4,3.51,2
1,9670,1,134.1,1,1,0,21,0,0,6,6,6,15.166666666666666,0,0,6,9,6,14.0,0,10.8,1.4,1.74,2
1,9085,1,133.0,1,0,1,20,0,0,6,8,6,15.142857142857142,0,0,6,8,6,15.142857142857142,0,11.1,0.6,2.02,2
1,9773,1,119.0,1,0,0,18,0,0,6,0,0,0.0,0,0,6,0,0,0.0,0,12.4,0.5,1.79,0
1,9500,1,131.1,1,0,0,19,0,0,7,9,6,13.411428571428573,0,0,8,12,7,13.294444444444444,0,15.5,2.8,-4.06,1
1,9238,1,129.4,1,0,0,18,0,0,6,7,6,12.333333333333334,0,0,6,7,6,12.166666666666666,0,9.4,-0.8,-3.12,2
1,9085,1,123.9,1,0,0,19,0,0,6,13,4,11.8,0,0,6,18,4,12.2,0,12.4,0.5,1.79,1
1,9085,1,140.0,1,0,0,22,0,2,6,9,6,12.0,0,1,6,12,3,12.0,0,13.9,-0.3,0.79,0
1,9085,1,162.0,1,0,0,19,0,0,6,7,6,15.0,0,0,6,8,6,15.625,0,12.4,0.5,1.79,2
1,171,1,131.6,1,0,0,21,0,6,12,12,8,13.875,0,4,11,13,9,12.7,1,8.9,1.4,3.51,0
1,9853,1,110.6,1,0,0,20,0,0,7,9,6,11.833333333333334,0,0,7,7,6,14.333333333333334,0,11.1,0.6,2.02,1
1,9773,1,117.4,1,0,1,18,0,0,6,6,6,12.5,0,0,6,6,6,13.833333333333334,0,16.2,0.3,-0.92,2
1,9773,1,137.8,1,0,1,18,0,0,6,6,6,15.0,0,0,6,6,6,15.5,0,8.9,1.4,3.51,2
1,9670,1,106.7,1,0,0,20,0,0,6,10,2,11.666666666666666,0,0,6,10,4,10.5,0,15.5,2.8,-4.06,0
1,9500,1,156.9,1,0,1,18,0,0,7,10,7,14.668,0,0,8,8,8,14.63375,0,15.5,2.8,-4.06,2
1,9500,1,129.0,1,0,0,18,0,0,8,9,6,13.345,2,0,8,9,6,13.345,2,9.4,-0.8,-3.12,1
1,9773,1,124.8,1,0,1,20,0,0,6,7,5,12.8,0,0,6,6,6,12.333333333333334,0,12.4,0.5,1.79,2
1,9238,1,115.1,1,0,0,19,0,0,6,10,6,10.833333333333334,0,0,6,7,6,12.142857142857142,0,11.1,0.6,2.02,2
1,9070,1,146.7,1,0,0,18,0,0,6,6,6,13.666666666666666,0,0,6,6,5,14.0,0,12.7,3.7,-1.7,2
1,9500,1,132.8,1,0,0,18,0,0,8,8,7,14.537142857142856,0,0,8,8,7,14.537142857142856,0,10.8,1.4,1.74,2
1,9085,1,159.1,1,0,1,18,0,0,5,5,5,14.4,0,0,5,5,5,14.0,0,7.6,2.6,0.32,0
1,171,1,137.6,1,0,1,20,0,0,0,0,0,0.0,0,0,0,0,0,0.0,0,12.7,3.7,-1.7,2
1,9773,1,124.0,1,0,1,19,0,0,6,6,6,13.166666666666666,0,0,6,6,6,13.833333333333334,0,11.1,0.6,2.02,2
1,9500,1,149.0,0,1,0,36,0,0,6,15,2,11.5,0,0,7,9,0,0.0,0,15.5,2.8,-4.06,0
1,9238,1,129.6,1,0,1,19,0,0,6,7,6,11.333333333333334,0,0,6,7,6,12.428571428571429,0,11.1,0.6,2.02,2
1,9238,1,110.0,1,0,0,18,0,0,6,6,6,12.0,0,0,6,6,5,13.6,0,8.9,1.4,3.51,2
1,9773,1,116.1,1,0,1,18,0,0,6,6,6,13.166666666666666,0,0,6,6,6,12.166666666666666,0,12.4,0.5,1.79,2
1,9773,1,133.3,1,0,1,18,0,0,6,6,6,14.833333333333334,0,0,6,6,6,14.166666666666666,0,8.9,1.4,3.51,2
1,9070,1,144.3,1,0,0,19,0,2,7,7,7,13.0,0,5,9,9,9,13.22222222222222,0,12.4,0.5,1.79,2
1,9500,1,133.6,1,0,0,18,0,0,7,8,7,13.087142857142856,0,0,8,8,8,12.95,0,11.1,0.6,2.02,2
1,9130,1,123.2,1,0,1,19,0,0,6,8,6,13.333333333333334,0,0,6,7,6,13.666666666666666,0,8.9,1.4,3.51,2
1,9853,1,137.2,1,0,0,18,0,0,6,7,6,12.166666666666666,0,0,6,10,4,12.75,0,10.8,1.4,1.74,1
1,9070,1,130.0,0,0,1,22,0,0,6,8,6,11.0,0,0,6,10,4,12.0,0,8.9,1.4,3.51,1
1,9238,1,110.0,0,0,0,18,0,0,6,0,0,0.0,0,0,6,0,0,0.0,0,11.1,0.6,2.02,0
1,9147,1,118.0,1,0,0,19,0,0,5,7,5,13.6,0,0,5,6,5,12.2,0,8.9,1.4,3.51,2
1,9773,1,128.4,1,0,0,18,0,0,6,6,6,15.5,0,0,6,6,6,14.0,0,11.1,0.6,2.02,2
1,9853,1,113.6,1,0,0,19,0,0,7,7,7,13.857142857142858,0,0,7,7,7,14.285714285714286,0,11.1,0.6,2.02,2
1,9147,1,113.5,1,0,0,20,0,0,5,10,2,11.5,0,0,5,8,3,10.0,0,11.1,0.6,2.02,1
1,9070,1,146.9,1,0,1,18,0,0,6,6,6,13.0,0,0,6,6,6,12.166666666666666,0,16.2,0.3,-0.92,2
1,9130,1,141.3,0,0,0,23,0,0,6,10,6,14.0,0,0,6,11,4,13.0,0,11.1,0.6,2.02,1
1,9773,1,129.7,1,0,0,20,0,0,4,4,0,0.0,0,0,6,0,0,0.0,0,8.9,1.4,3.51,0
1,9070,1,121.3,1,0,0,20,0,0,6,6,6,11.166666666666666,0,0,6,9,6,11.5,0,12.4,0.5,1.79,1
1,9238,1,109.1,0,0,1,22,0,0,6,0,0,0.0,0,0,6,0,0,0.0,0,12.4,0.5,1.79,0
1,9853,1,107.1,1,0,1,18,0,0,7,8,7,12.142857142857142,0,0,7,9,6,13.666666666666666,0,11.1,0.6,2.02,2
1,9500,1,129.2,1,0,1,18,0,0,7,7,7,14.145714285714286,0,0,8,9,8,13.627777777777778,0,11.1,0.6,2.02,2
1,9500,1,154.1,1,0,0,18,0,0,7,7,7,14.45,0,0,8,9,8,14.144444444444444,0,11.1,0.6,2.02,2
1,9853,1,147.2,1,0,0,18,0,0,7,7,7,15.714285714285714,0,0,7,7,7,15.0,0,11.1,0.6,2.02,2
1,9147,1,120.0,1,0,0,21,0,0,5,9,5,12.8,0,0,5,11,3,12.666666666666666,0,11.1,0.6,2.02,1
1,9070,1,130.8,1,0,0,20,0,0,6,6,6,12.5,0,0,6,8,6,11.5,0,10.8,1.4,1.74,1
1,9070,1,120.8,1,0,0,18,0,0,6,6,6,14.5,0,0,6,6,6,12.833333333333334,0,12.4,0.5,1.79,2
1,9500,1,125.4,0,0,1,20,0,0,7,7,7,13.462857142857144,0,0,8,10,7,13.164285714285716,0,11.1,0.6,2.02,1
1,8014,1,121.3,1,0,0,25,0,0,6,6,6,12.833333333333334,0,0,6,6,6,12.833333333333334,0,7.6,2.6,0.32,2
1,9147,1,127.0,1,0,1,18,0,0,5,10,5,12.0,0,0,5,8,4,11.6,0,13.9,-0.3,0.79,2
1,171,1,151.6,1,0,0,19,0,0,0,0,0,0.0,0,0,0,0,0,0.0,0,13.9,-0.3,0.79,2
1,9085,6,131.6,1,0,0,20,1,0,7,9,6,14.714285714285714,0,1,7,16,6,13.2,0,12.4,0.5,1.79,1
1,9238,1,106.0,1,0,1,20,0,0,6,7,6,12.571428571428571,0,0,6,7,6,13.285714285714286,0,12.4,0.5,1.79,2
1,9773,1,111.6,1,0,1,21,0,0,6,6,6,12.5,0,0,6,6,6,11.5,0,11.1,0.6,2.02,2
1,9670,1,117.3,1,0,0,18,0,0,6,8,6,14.0,0,0,6,9,5,14.0,0,8.9,1.4,3.51,2
1,9853,1,121.4,1,0,0,18,0,0,7,8,7,11.571428571428571,0,0,7,9,6,13.166666666666666,0,11.1,0.6,2.02,0
1,9070,1,126.1,1,0,1,18,0,0,6,6,6,15.833333333333334,0,0,6,6,6,15.333333333333334,0,11.1,0.6,2.02,2
1,9500,1,137.0,1,0,0,18,0,0,8,8,8,14.25,0,0,8,8,8,14.25,0,9.4,-0.8,-3.12,2
1,9670,1,120.8,1,0,0,19,0,0,6,0,0,0.0,0,0,6,0,0,0.0,0,15.5,2.8,-4.06,0
1,9254,1,128.7,1,0,0,20,0,0,6,8,6,11.666666666666666,0,0,6,10,6,11.0,0,13.9,-0.3,0.79,0
1,9238,1,118.0,1,0,0,47,0,0,6,12,0,0.0,0,0,5,10,0,0.0,0,7.6,2.6,0.32,0
1,9130,6,120.0,1,0,0,21,1,2,5,9,5,13.2,2,0,5,7,2,12.5,2,10.8,1.4,1.74,1
2,9130,1,160.0,1,1,0,31,0,1,6,11,2,12.0,1,1,6,12,1,10.0,1,16.2,0.3,-0.92,0
2,9119,1,150.0,1,1,0,46,0,0,5,6,0,0.0,0,0,5,5,0,0.0,0,7.6,2.6,0.32,0
1,9119,1,121.8,1,1,0,18,0,0,5,9,4,12.0,0,0,5,10,2,11.0,0,8.9,1.4,3.51,1
1,9119,1,125.4,1,1,0,19,0,0,5,10,3,13.333333333333334,0,0,5,9,4,10.75,0,8.9,1.4,3.51,0
1,9556,1,126.6,1,1,0,23,0,0,7,11,5,12.414285714285713,0,0,7,13,2,13.5,0,8.9,1.4,3.51,1
1,9130,1,150.0,0,1,0,22,0,0,5,5,0,0.0,0,0,5,5,0,0.0,0,12.7,3.7,-1.7,0
1,9147,1,114.5,1,1,0,19,0,0,5,5,5,13.8,0,0,5,7,5,12.4,0,9.4,-0.8,-3.12,2
1,9147,41,107.0,0,0,0,19,1,0,5,14,0,0.0,0,0,5,5,0,0.0,0,8.9,1.4,3.51,0
1,9147,1,115.7,0,1,0,22,0,0,5,10,4,11.5,0,0,5,11,4,14.0,0,8.9,1.4,3.51,1
1,9130,1,120.0,0,1,0,29,0,0,5,11,0,0.0,4,0,5,6,0,0.0,1,9.4,-0.8,-3.12,0
1,9500,1,134.8,1,0,0,18,0,0,7,7,6,14.016666666666666,0,0,7,7,6,14.016666666666666,0,7.6,2.6,0.32,2
1,9238,1,133.6,1,0,0,18,0,0,6,9,5,11.4,0,0,6,8,5,10.8,0,9.4,-0.8,-3.12,2
1,171,1,129.0,0,0,1,23,0,0,0,0,0,0.0,0,0,0,0,0,0.0,0,9.4,-0.8,-3.12,0
2,9991,1,128.4,1,0,0,34,0,0,5,12,5,10.4,0,0,5,11,5,12.0,0,12.4,0.5,1.79,2
1,9147,1,122.2,1,0,0,19,0,0,5,11,3,10.666666666666666,0,0,5,9,4,10.25,0,11.1,0.6,2.02,2
1,9085,1,113.3,1,0,0,18,0,0,5,9,4,14.25,0,0,5,8,5,12.714285714285714,0,10.8,1.4,1.74,1
1,9500,1,129.9,1,0,1,20,0,3,7,7,7,13.914285714285713,0,5,8,8,8,14.10625,0,11.1,0.6,2.02,2
1,9500,1,126.2,1,0,0,19,0,0,7,9,7,13.761111111111113,0,0,8,11,7,12.82375,0,15.5,2.8,-4.06,2
1,9853,1,112.6,1,0,0,22,0,0,6,10,5,12.6,0,0,6,9,4,11.25,0,12.7,3.7,-1.7,1
1,9238,1,149.0,1,0,1,23,0,0,6,7,6,13.857142857142858,0,0,6,6,6,14.166666666666666,0,10.8,1.4,1.74,2
2,9500,1,120.0,1,1,1,34,0,0,8,8,7,13.842857142857143,0,0,8,8,7,13.842857142857143,0,12.7,3.7,-1.7,2
1,9119,1,120.4,0,1,0,18,0,0,5,12,0,0.0,0,0,5,8,0,0.0,0,9.4,-0.8,-3.12,1
1,9773,1,128.1,1,1,0,21,0,0,6,6,5,11.8,0,0,6,9,0,0.0,0,16.2,0.3,-0.92,0
1,9238,1,141.7,1,1,0,22,0,0,6,6,6,12.666666666666666,0,0,6,6,6,13.833333333333334,0,10.8,1.4,1.74,0
1,9003,1,130.0,1,1,0,28,0,0,6,6,0,0.0,0,0,6,6,0,0.0,0,11.1,0.6,2.02,0
1,9119,1,113.3,1,1,0,23,0,0,5,7,0,0.0,0,0,5,5,0,0.0,0,7.6,2.6,0.32,0
1,9773,1,105.9,1,1,0,20,0,0,6,11,4,10.75,0,0,6,13,2,10.0,0,7.6,2.6,0.32,0
1,9119,1,122.7,1,1,0,18,0,0,5,7,5,12.6,0,0,5,9,3,13.25,0,13.9,-0.3,0.79,0
1,9147,1,120.0,0,1,0,28,0,0,5,5,0,0.0,0,0,5,5,0,0.0,0,9.4,-0.8,-3.12,0
1,9070,1,119.8,1,1,0,21,0,2,7,7,2,12.0,0,5,9,10,7,12.142857142857142,0,12.4,0.5,1.79,0
1,9670,1,122.9,0,1,0,25,0,0,6,7,3,14.0,0,0,6,9,2,14.5,0,13.9,-0.3,0.79,0
1,9085,1,160.0,0,1,0,19,0,2,6,6,6,14.0,0,1,6,11,6,13.5,0,12.4,0.5,1.79,0
1,9500,1,125.2,1,1,1,18,0,0,7,7,7,14.682857142857143,0,0,8,9,8,15.055555555555555,0,12.4,0.5,1.79,2
1,9119,1,143.4,1,1,0,29,0,0,3,3,0,0.0,3,0,5,0,0,0.0,0,10.8,1.4,1.74,0
1,9119,1,96.7,1,1,1,29,0,0,5,6,0,0.0,0,0,5,7,0,0.0,0,12.4,0.5,1.79,0
1,9254,1,126.9,1,1,0,20,0,0,6,7,6,13.857142857142858,0,0,6,7,5,12.8,0,16.2,0.3,-0.92,2
1,171,1,143.1,1,1,0,18,0,0,0,0,0,0.0,0,0,0,0,0,0.0,0,9.4,-0.8,-3.12,2
1,9254,1,114.5,1,1,0,20,0,0,6,8,6,13.142857142857142,0,0,6,7,6,12.5,0,8.9,1.4,3.51,2
2,9119,1,140.0,1,1,0,33,0,0,5,14,1,18.0,0,0,5,9,2,13.0,0,9.4,-0.8,-3.12,0
1,9991,1,113.7,1,1,0,30,0,11,15,15,13,11.461538461538462,0,6,11,15,10,11.583333333333334,1,16.2,0.3,-0.92,2
1,9556,1,131.5,1,1,1,21,0,0,7,14,5,11.2,0,0,8,11,6,11.583333333333334,0,16.2,0.3,-0.92,1
1,9003,1,143.5,1,1,0,18,0,0,6,6,5,15.0,0,0,6,8,4,14.5,0,8.9,1.4,3.51,2
1,9500,1,126.8,1,1,1,19,0,0,7,9,7,14.244444444444444,0,0,8,12,8,12.233333333333333,0,15.5,2.8,-4.06,2
1,9070,1,115.2,1,1,1,21,0,0,6,8,4,11.5,0,0,6,7,5,11.0,0,15.5,2.8,-4.06,0
1,9556,1,100.0,1,1,1,25,0,0,7,7,2,10.0,0,0,7,7,0,0.0,0,15.5,2.8,-4.06,0
1,9670,1,121.4,1,1,0,19,0,0,5,7,3,12.333333333333334,0,0,5,5,5,11.6,0,9.4,-0.8,-3.12,2
1,9070,1,120.0,1,1,0,23,0,2,7,8,5,12.2,0,5,9,10,7,12.142857142857142,1,16.2,0.3,-0.92,0
1,9070,1,129.9,1,1,1,19,0,0,6,6,6,13.666666666666666,0,0,6,7,5,13.2,0,12.4,0.5,1.79,2
1,171,1,151.1,1,1,0,19,0,0,0,0,0,0.0,0,0,0,0,0,0.0,0,9.4,-0.8,-3.12,2
1,9003,1,120.0,0,1,0,31,0,0,6,15,1,11.0,0,0,6,10,0,0.0,0,16.2,0.3,-0.92,0
1,9003,1,130.0,0,1,0,32,0,0,6,8,3,13.0,0,4,10,14,6,11.428571428571429,0,16.2,0.3,-0.92,0
1,9500,1,119.0,1,0,1,19,0,0,8,12,7,12.599999999999998,0,0,8,12,7,12.599999999999998,0,10.8,1.4,1.74,2
1,9773,1,122.0,1,0,0,34,0,8,10,11,10,12.2,0,5,10,12,9,12.333333333333334,0,7.6,2.6,0.32,2
1,9773,1,129.7,1,0,0,21,0,0,6,6,6,13.166666666666666,0,0,6,6,6,13.0,0,7.6,2.6,0.32,2
1,9238,1,112.5,1,0,1,53,0,4,7,16,6,11.0,0,2,7,9,7,11.0,0,9.4,-0.8,-3.12,2
1,9500,1,136.0,1,0,1,19,0,0,7,7,7,14.014285714285714,0,0,8,8,8,15.35,0,13.9,-0.3,0.79,2
1,9773,1,133.1,1,0,1,20,0,0,6,9,4,13.0,0,0,6,13,4,11.25,0,10.8,1.4,1.74,2
1,9773,1,151.3,1,0,0,18,0,0,6,6,6,14.0,0,0,6,6,6,14.666666666666666,0,10.8,1.4,1.74,2
1,171,1,133.3,0,0,0,32,0,0,0,0,0,0.0,0,0,0,0,0,0.0,0,16.2,0.3,-0.92,0
1,9500,1,130.8,1,0,1,21,0,0,8,8,7,14.428571428571429,0,0,8,8,7,14.428571428571429,0,12.7,3.7,-1.7,2
1,8014,1,140.0,0,0,0,26,0,0,5,9,0,0.0,0,0,5,10,0,0.0,0,9.4,-0.8,-3.12,0
1,9085,1,150.0,1,0,0,26,0,11,18,45,18,11.833333333333334,10,9,13,27,13,12.461538461538462,5,15.5,2.8,-4.06,2
2,9991,1,130.0,0,0,0,21,0,0,5,12,3,11.333333333333334,0,0,5,10,1,13.0,0,15.5,2.8,-4.06,0
1,9773,1,125.3,1,0,0,18,0,0,6,9,6,12.5,0,0,6,9,6,13.0,0,7.6,2.6,0.32,2
1,9070,1,124.0,1,0,1,21,0,4,12,12,12,13.333333333333334,0,5,12,12,11,12.545454545454543,0,15.5,2.8,-4.06,2
1,9254,1,113.8,1,0,0,21,0,0,6,10,6,10.833333333333334,0,0,6,10,4,11.0,0,7.6,2.6,0.32,1
1,9670,1,124.4,1,0,1,19,0,0,6,6,6,13.0,0,0,6,6,6,14.0,0,13.9,-0.3,0.79,2
1,9147,1,107.7,1,0,0,19,0,0,5,7,2,10.0,0,0,5,11,2,14.0,0,10.8,1.4,1.74,0
1,9238,1,110.0,1,0,1,19,0,0,6,8,6,11.428571428571429,0,0,6,11,5,11.2,0,10.8,1.4,1.74,2
1,9500,1,130.0,1,0,0,27,0,0,8,8,8,12.8875,0,0,8,8,8,12.8875,0,9.4,-0.8,-3.12,2
1,9500,1,138.8,1,0,1,18,0,0,7,7,6,12.95,0,0,7,7,6,12.95,0,7.6,2.6,0.32,2
1,9147,1,126.3,1,0,0,20,0,0,5,12,1,10.0,2,0,5,5,0,0.0,0,12.7,3.7,-1.7,0
1,9500,1,114.5,1,0,1,19,0,0,7,7,7,13.094285714285714,0,0,8,8,8,12.55,0,12.4,0.5,1.79,2
1,9670,1,116.5,1,0,0,20,0,0,6,7,0,0.0,0,0,6,6,0,0.0,0,16.2,0.3,-0.92,0
1,9238,1,128.6,1,0,1,19,0,0,6,12,5,11.714285714285714,0,0,6,11,6,11.0,0,12.7,3.7,-1.7,2
1,9238,1,130.0,1,0,0,20,0,0,6,8,4,11.25,0,0,6,15,3,10.0,0,9.4,-0.8,-3.12,1
1,171,1,134.6,1,0,0,20,0,0,0,0,0,0.0,0,0,0,0,0,0.0,0,15.5,2.8,-4.06,0
1,9853,1,146.8,1,0,0,18,0,0,6,6,6,13.166666666666666,0,0,6,6,6,13.333333333333334,0,7.6,2.6,0.32,2
1,9085,1,135.7,1,0,0,20,0,0,5,7,4,12.75,0,0,5,5,5,13.4,0,10.8,1.4,1.74,2
2,9991,1,120.0,0,0,0,38,0,0,5,6,5,10.6,0,0,5,9,2,11.0,0,12.7,3.7,-1.7,0
4,8014,1,138.0,1,0,0,42,0,0,6,8,5,11.2,0,0,6,6,6,12.0,0,8.9,1.4,3.51,2
1,9500,1,135.5,1,0,0,32,0,0,7,0,0,0.0,0,0,8,0,0,0.0,0,13.9,-0.3,0.79,0
1,9773,26,120.0,1,0,0,22,1,0,6,6,6,13.0,0,0,6,6,6,13.666666666666666,0,12.4,0.5,1.79,2
2,9991,1,111.7,1,0,0,28,0,0,5,10,0,0.0,0,0,5,5,0,0.0,0,7.6,2.6,0.32,0
2,8014,1,100.0,1,0,0,37,0,0,6,0,0,0.0,0,0,6,0,0,0.0,0,9.4,-0.8,-3.12,0
2,9003,1,160.0,1,0,0,43,0,0,6,8,6,14.166666666666666,0,0,6,9,6,15.0,0,15.5,2.8,-4.06,2
6,8014,1,114.8,1,0,1,41,0,0,6,10,5,12.833333333333334,0,0,6,6,6,12.333333333333334,0,13.9,-0.3,0.79,2
4,8014,1,131.0,1,0,1,29,0,0,6,11,4,11.75,0,0,6,9,5,10.4,0,10.8,1.4,1.74,2
1,8014,1,97.0,1,0,1,35,0,0,6,8,6,10.833333333333334,0,0,6,7,6,11.5,0,10.8,1.4,1.74,2
1,9238,1,131.7,1,0,0,18,0,0,6,8,4,11.75,0,0,6,8,4,12.25,0,9.4,-0.8,-3.12,0
1,9500,1,120.0,0,0,1,39,0,0,7,14,3,11.5,0,0,7,9,2,10.5,0,16.2,0.3,-0.92,0
4,9991,1,110.0,1,0,0,37,0,0,5,14,2,10.0,0,0,5,7,3,11.333333333333334,0,12.7,3.7,-1.7,1
1,9500,1,133.0,1,0,1,26,0,0,7,7,6,13.7,0,0,7,7,6,13.7,0,7.6,2.6,0.32,2
1,9085,1,140.0,1,0,0,32,0,0,5,8,1,14.0,2,0,5,12,0,0.0,4,10.8,1.4,1.74,0
2,8014,1,100.0,1,0,0,37,0,3,8,12,7,11.375,0,2,7,10,6,12.166666666666666,0,13.9,-0.3,0.79,1
1,9085,1,129.3,1,0,0,28,0,0,6,17,0,0.0,0,0,6,6,0,0.0,0,8.9,1.4,3.51,1
1,9238,1,137.0,1,0,0,19,0,0,6,10,0,0.0,4,0,6,0,0,0.0,0,7.6,2.6,0.32,0
1,9147,1,122.2,1,0,0,18,0,0,5,9,1,11.0,0,0,5,9,2,12.5,0,7.6,2.6,0.32,1
1,9853,1,108.0,1,0,1,19,0,0,7,10,6,13.0,0,0,7,7,7,13.285714285714286,0,12.4,0.5,1.79,2
2,9670,1,110.0,1,0,0,32,0,4,11,15,8,13.6,0,2,8,10,8,15.11111111111111,0,13.9,-0.3,0.79,2
2,9147,1,127.7,1,0,0,31,0,0,5,8,3,11.0,0,0,5,9,2,11.5,0,7.6,2.6,0.32,0
1,9500,1,121.3,1,0,0,34,0,0,8,11,7,11.705714285714285,0,0,8,11,7,11.705714285714285,0,10.8,1.4,1.74,1
1,171,1,140.1,1,0,0,20,0,6,12,12,12,13.25,0,4,11,14,11,14.333333333333334,0,8.9,1.4,3.51,2
1,9500,1,114.8,1,0,0,28,0,0,7,15,1,10.75,0,0,7,10,1,10.0,0,13.9,-0.3,0.79,0
1,9991,1,150.0,1,0,0,31,0,2,6,8,6,12.0,0,2,7,8,7,13.428571428571429,0,9.4,-0.8,-3.12,1
1,9773,1,131.7,1,0,0,18,0,0,6,7,6,12.666666666666666,0,0,6,8,4,12.25,0,7.6,2.6,0.32,1
4,8014,1,110.0,0,0,0,31,0,0,6,8,5,11.4,0,0,6,9,3,11.0,0,9.4,-0.8,-3.12,0
1,9773,1,105.5,1,0,0,19,0,0,6,6,6,13.0,0,0,6,8,5,12.4,0,12.4,0.5,1.79,2
1,9238,1,127.3,1,0,1,19,0,0,6,8,6,14.0,0,0,6,8,6,12.285714285714286,0,16.2,0.3,-0.92,2
2,9238,1,130.0,1,0,0,31,0,0,6,11,0,0.0,0,0,5,10,0,0.0,0,9.4,-0.8,-3.12,1
1,9085,1,130.0,1,0,0,34,0,0,6,0,0,0.0,0,0,6,0,0,0.0,0,15.5,2.8,-4.06,0
1,9556,1,122.7,1,0,1,18,0,0,7,7,7,15.285714285714286,0,0,8,8,8,16.075,0,12.4,0.5,1.79,2
1,9254,1,113.9,1,0,0,18,0,0,6,6,6,13.166666666666666,0,0,6,6,6,12.666666666666666,0,11.1,0.6,2.02,2
1,9147,1,151.1,1,1,0,19,0,0,5,7,5,13.6,0,0,5,11,5,12.833333333333334,5,16.2,0.3,-0.92,2
1,9773,1,125.8,0,1,1,22,0,0,4,8,0,0.0,0,0,4,8,0,0.0,0,7.6,2.6,0.32,0
2,9670,1,128.2,1,1,0,32,0,6,10,12,10,11.4,0,4,9,9,4,11.5,0,7.6,2.6,0.32,2
1,9147,1,135.1,1,1,0,61,0,0,5,0,0,0.0,0,0,5,0,0,0.0,0,15.5,2.8,-4.06,0
1,9991,1,120.2,1,1,0,30,0,0,5,7,5,11.0,0,0,5,5,5,11.6,0,7.6,2.6,0.32,2
2,9991,1,132.8,0,1,0,45,0,0,5,9,0,0.0,0,0,5,11,0,0.0,0,12.4,0.5,1.79,0
1,9003,1,140.0,1,1,0,20,0,0,6,7,6,13.571428571428571,0,0,6,6,6,12.666666666666666,0,12.4,0.5,1.79,2
1,9500,1,129.3,1,0,0,19,0,0,7,0,0,0.0,0,0,8,0,0,0.0,0,9.4,-0.8,-3.12,0
1,9119,1,108.2,1,1,0,26,0,4,10,14,4,11.25,0,4,11,11,4,12.0,0,7.6,2.6,0.32,0
1,9670,1,125.4,1,1,0,19,0,0,5,6,3,13.333333333333334,0,0,5,5,1,11.0,0,7.6,2.6,0.32,0
1,9773,1,140.2,1,1,1,19,0,0,6,6,6,12.0,0,0,6,7,6,11.666666666666666,0,16.2,0.3,-0.92,2
1,9773,1,116.1,1,1,0,19,0,0,6,6,6,12.5,0,0,6,7,5,13.0,0,12.4,0.5,1.79,2
1,9147,1,137.8,1,1,1,19,0,0,5,6,5,13.2,0,0,5,6,5,12.666666666666666,0,16.2,0.3,-0.92,2
1,9670,1,128.4,0,1,0,19,0,0,5,5,0,0.0,0,0,4,4,0,0.0,0,7.6,2.6,0.32,0
1,9670,1,106.0,0,1,0,28,0,0,5,7,3,11.666666666666666,0,0,5,8,2,11.5,1,7.6,2.6,0.32,0
1,9147,1,130.2,1,1,0,24,0,10,15,16,15,13.466666666666669,1,10,14,14,14,13.642857142857142,0,9.4,-0.8,-3.12,2
1,9130,1,126.0,1,1,0,18,0,0,5,7,3,13.666666666666666,0,0,5,5,5,13.2,0,7.6,2.6,0.32,2
1,9119,1,141.0,1,1,0,18,0,0,5,9,2,11.666666666666666,0,0,5,9,2,12.5,2,7.6,2.6,0.32,1
1,9773,1,113.0,1,1,1,18,0,0,6,7,6,11.666666666666666,0,0,6,12,5,10.2,0,12.4,0.5,1.79,2
1,9003,1,120.0,1,1,0,21,0,0,6,9,5,13.4,0,0,6,9,5,12.4,0,8.9,1.4,3.51,2
2,9991,1,130.9,0,1,0,28,0,0,5,5,0,0.0,0,0,5,6,0,0.0,0,12.4,0.5,1.79,0
1,9003,1,120.0,1,1,0,58,0,0,6,9,0,0.0,0,0,6,6,0,0.0,0,13.9,-0.3,0.79,0
2,9991,1,134.1,0,1,0,49,0,0,5,5,0,0.0,0,0,5,5,0,0.0,0,7.6,2.6,0.32,0
1,9119,1,120.0,1,1,0,24,0,0,5,6,3,10.666666666666666,0,0,5,9,2,10.5,0,15.5,2.8,-4.06,1
1,9670,1,114.8,1,1,0,25,0,0,5,5,4,13.75,0,0,5,5,4,14.75,0,7.6,2.6,0.32,2
4,9147,1,123.0,1,1,0,33,0,0,5,5,1,10.0,0,0,5,5,0,0.0,0,7.6,2.6,0.32,0
2,9119,1,118.0,0,1,0,33,0,0,5,11,0,0.0,0,0,5,5,0,0.0,0,9.4,-0.8,-3.12,0
2,9853,1,100.0,1,1,0,40,0,0,2,4,1,16.0,0,0,4,5,4,15.5,0,13.9,-0.3,0.79,2
2,9991,1,151.1,1,1,0,48,0,0,5,9,5,12.285714285714286,0,0,5,8,5,11.125,0,16.2,0.3,-0.92,2
1,9119,1,116.9,0,1,0,18,0,0,5,10,3,12.0,0,0,5,8,3,10.333333333333334,0,8.9,1.4,3.51,1
1,9500,1,106.0,1,1,0,24,0,0,7,7,6,12.666666666666666,1,0,7,7,6,12.666666666666666,1,7.6,2.6,0.32,2
2,9085,1,127.1,1,1,1,23,0,0,5,6,5,11.8,0,0,5,7,4,13.25,1,10.8,1.4,1.74,2
1,9991,1,155.5,0,1,0,39,0,0,5,6,5,10.6,0,0,5,7,5,14.666666666666666,0,10.8,1.4,1.74,0
1,9003,1,101.0,1,1,0,21,0,5,11,16,9,11.9,0,3,9,14,8,12.25,0,15.5,2.8,-4.06,2
1,9119,1,128.2,1,1,0,34,0,4,6,8,4,11.25,0,1,5,8,2,10.5,0,7.6,2.6,0.32,0
2,9991,1,113.0,1,1,1,41,0,0,5,9,4,11.0,0,0,5,6,5,11.4,0,8.9,1.4,3.51,1
1,9773,1,122.8,1,1,0,18,0,0,6,6,6,12.0,0,0,6,6,6,12.5,0,12.7,3.7,-1.7,2
2,9991,1,145.6,1,1,0,34,0,0,5,10,4,11.75,0,0,5,10,4,10.833333333333334,0,13.9,-0.3,0.79,1
1,9147,1,116.5,1,1,0,19,0,0,5,8,2,10.0,0,0,5,8,1,16.0,0,7.6,2.6,0.32,0
1,9500,1,142.0,1,1,0,19,0,0,8,8,7,13.714285714285714,0,0,8,8,7,13.714285714285714,0,12.7,3.7,-1.7,2
1,9003,1,150.0,1,1,0,28,0,0,6,14,6,14.875,0,0,6,12,6,15.8,0,16.2,0.3,-0.92,2
1,9070,1,133.3,1,1,0,18,0,0,6,7,5,10.8,1,0,6,6,0,0.0,0,7.6,2.6,0.32,0
1,9238,1,115.8,1,1,0,19,0,0,6,11,3,12.0,0,0,6,12,2,10.0,0,11.1,0.6,2.02,0
1,9085,1,100.0,0,1,0,19,0,0,6,10,5,12.5,0,0,6,19,2,13.5,0,12.4,0.5,1.79,0
1,9500,1,128.6,1,0,0,18,0,0,7,7,7,14.728571428571428,0,0,8,11,8,16.327272727272728,0,16.2,0.3,-0.92,2
1,9130,1,137.1,1,0,0,18,0,0,6,8,6,12.0,0,0,6,8,5,14.8,0,12.4,0.5,1.79,2
1,9773,1,149.0,1,0,0,18,0,0,6,8,6,11.428571428571429,0,0,6,7,6,11.0,0,11.1,0.6,2.02,0
1,9238,1,147.0,1,0,0,19,0,3,6,6,6,14.166666666666666,0,2,6,6,6,13.5,0,12.4,0.5,1.79,2
2,9238,1,150.0,1,0,0,31,0,1,6,12,5,12.5,0,0,6,10,5,14.6,0,12.7,3.7,-1.7,2
1,8014,1,103.5,1,0,1,33,0,0,6,6,6,14.166666666666666,0,0,6,6,6,14.333333333333334,0,12.7,3.7,-1.7,2
1,9500,1,107.8,1,0,1,20,0,0,7,10,5,14.46,0,0,7,8,6,13.55,0,12.4,0.5,1.79,1
1,9085,6,130.0,1,0,0,22,1,0,6,12,5,12.8,0,0,6,19,2,11.5,0,12.4,0.5,1.79,1
1,9254,1,109.4,1,0,0,19,0,0,6,8,6,12.666666666666666,0,0,6,8,5,13.4,0,11.1,0.6,2.02,2
1,9070,1,143.6,1,0,0,18,0,0,6,6,6,12.5,0,0,6,6,6,13.0,0,7.6,2.6,0.32,0
1,9070,1,124.3,1,0,0,18,0,0,6,0,0,0.0,0,0,6,0,0,0.0,0,15.5,2.8,-4.06,0
1,9670,1,119.5,0,0,0,18,0,0,6,0,0,0.0,0,0,6,0,0,0.0,0,8.9,1.4,3.51,0
1,171,1,175.6,1,0,0,18,0,0,0,0,0,0.0,0,0,0,0,0,0.0,0,11.1,0.6,2.02,2
1,9147,1,116.1,1,0,1,19,0,0,5,8,5,11.2,0,0,5,5,3,11.0,0,12.4,0.5,1.79,2
1,9238,1,126.6,1,0,0,18,0,0,6,6,6,16.5,0,0,6,7,6,17.428571428571427,0,11.1,0.6,2.02,0
1,9085,1,130.8,1,0,0,18,0,0,5,9,3,13.666666666666666,1,0,5,5,5,12.0,0,12.7,3.7,-1.7,2
1,9500,1,133.5,1,0,1,18,0,0,8,8,7,15.228571428571428,0,0,8,8,7,15.228571428571428,0,12.7,3.7,-1.7,2
1,9238,1,136.9,1,0,0,21,0,5,9,10,9,12.77777777777778,0,4,9,9,9,13.22222222222222,0,8.9,1.4,3.51,2
1,9500,1,142.3,1,0,1,18,0,0,8,8,7,14.428571428571429,0,0,8,8,7,14.428571428571429,0,12.7,3.7,-1.7,2
1,9670,1,114.3,1,0,0,18,0,0,6,8,6,13.875,0,0,6,7,6,13.714285714285714,0,11.1,0.6,2.02,2
1,9500,1,122.9,1,0,0,18,0,0,7,10,7,13.128,0,0,8,13,6,13.193333333333332,0,15.5,2.8,-4.06,2
1,9500,1,117.2,1,0,0,20,0,0,7,9,6,11.605,0,0,8,10,7,12.4125,0,16.2,0.3,-0.92,2
1,9147,1,152.0,1,0,1,18,0,0,5,5,5,14.6,0,0,5,8,5,12.0,0,12.7,3.7,-1.7,2
1,9773,1,122.2,1,0,0,18,0,0,6,0,0,0.0,0,0,6,0,0,0.0,0,11.1,0.6,2.02,0
1,9147,1,101.7,1,0,1,20,0,0,5,6,5,11.8,0,0,5,6,5,11.6,0,8.9,1.4,3.51,2
1,9254,1,119.9,1,0,0,20,0,0,6,6,6,12.333333333333334,0,0,6,6,6,12.333333333333334,0,12.4,0.5,1.79,2
1,9147,1,123.7,1,0,1,19,0,0,5,5,4,11.0,0,0,5,5,0,0.0,0,11.1,0.6,2.02,0
1,9070,1,121.8,1,0,1,19,0,5,11,11,11,13.181818181818182,0,5,11,11,11,12.909090909090908,0,11.1,0.6,2.02,2
1,9670,1,106.1,0,0,1,18,0,0,6,6,1,11.0,0,0,6,0,0,0.0,0,12.7,3.7,-1.7,0
1,9773,1,124.3,1,0,1,19,0,0,6,6,6,11.833333333333334,0,0,6,7,6,12.285714285714286,0,15.5,2.8,-4.06,2
1,9500,1,124.3,1,0,1,20,0,0,8,8,8,12.98125,0,0,8,8,8,12.98125,0,9.4,-0.8,-3.12,2
1,9147,1,117.4,1,0,0,21,0,4,7,10,6,11.333333333333334,0,1,5,6,5,11.2,0,11.1,0.6,2.02,2
1,9500,1,112.7,1,0,0,21,0,0,8,12,6,11.68,0,0,8,12,6,11.68,0,10.8,1.4,1.74,2
1,9070,1,123.7,1,0,0,20,0,0,6,6,6,14.5,0,0,6,7,6,13.5,0,11.1,0.6,2.02,2
1,9853,1,105.8,1,0,0,19,0,0,7,7,7,13.142857142857142,0,0,7,8,7,12.857142857142858,0,8.9,1.4,3.51,2
1,9085,1,124.2,0,0,0,21,0,0,5,8,2,11.5,0,0,5,7,2,10.5,0,7.6,2.6,0.32,0
1,9085,1,122.3,1,0,0,18,0,0,5,6,5,14.2,0,0,5,7,5,11.8,0,7.6,2.6,0.32,2
1,9254,1,123.7,1,0,1,19,0,0,6,8,5,11.666666666666666,0,0,6,7,5,12.2,0,8.9,1.4,3.51,2
1,9500,1,129.8,1,0,0,18,0,0,7,8,7,13.175,0,0,8,8,8,14.875,0,13.9,-0.3,0.79,2
1,9500,1,123.8,1,0,1,19,0,0,8,8,7,13.314285714285717,0,0,8,8,7,13.314285714285717,0,12.7,3.7,-1.7,2
1,9147,1,126.4,1,0,1,18,0,0,5,13,3,10.6,0,0,5,12,3,10.5,0,13.9,-0.3,0.79,2
1,9853,1,115.1,1,0,1,18,0,0,6,11,4,12.0,0,0,6,8,4,10.75,0,15.5,2.8,-4.06,1
1,9773,1,138.4,1,0,0,18,0,0,6,7,6,13.428571428571429,0,0,6,7,6,14.142857142857142,0,13.9,-0.3,0.79,2
1,9085,1,118.2,1,0,1,18,0,0,5,7,4,13.25,0,0,5,8,5,15.571428571428571,0,10.8,1.4,1.74,2
1,9070,1,121.7,1,0,0,18,0,0,6,6,2,13.0,0,0,6,6,0,0.0,0,12.4,0.5,1.79,0
1,9070,1,118.0,1,0,1,18,0,0,6,6,6,14.333333333333334,0,0,6,7,6,14.0,0,11.1,0.6,2.02,1
1,9238,1,119.8,1,0,0,18,0,0,6,0,0,0.0,0,0,6,0,0,0.0,0,11.1,0.6,2.02,0
1,9238,1,164.9,1,0,0,18,0,0,6,6,6,14.0,0,0,6,6,6,13.166666666666666,0,10.8,1.4,1.74,2
1,9085,1,100.0,1,0,1,20,0,1,2,2,2,12.0,0,1,6,11,6,12.833333333333334,0,13.9,-0.3,0.79,2
1,9853,1,121.6,1,0,0,18,0,0,6,9,5,12.333333333333334,0,0,6,10,5,10.6,0,15.5,2.8,-4.06,1
1,9070,1,120.4,1,0,0,18,0,0,6,8,5,11.8,0,0,6,7,5,10.4,1,16.2,0.3,-0.92,2
1,9500,1,117.8,1,0,1,20,0,0,8,8,7,12.791428571428572,1,0,8,8,7,12.791428571428572,1,10.8,1.4,1.74,2
4,9670,1,110.0,1,0,0,40,0,4,8,8,8,11.625,0,3,7,12,5,11.2,0,9.4,-0.8,-3.12,2
1,9500,1,128.8,1,0,1,18,0,0,7,11,6,11.994444444444444,0,0,8,11,7,12.43142857142857,0,15.5,2.8,-4.06,2
1,9254,1,116.6,1,0,0,19,0,0,6,9,5,11.6,0,0,6,12,5,12.2,0,13.9,-0.3,0.79,2
1,9991,1,120.0,1,0,0,24,0,0,5,5,0,0.0,0,0,5,6,0,0.0,0,12.4,0.5,1.79,0
1,9773,1,157.5,1,0,0,19,0,0,6,8,6,13.166666666666666,0,0,6,7,6,13.166666666666666,0,10.8,1.4,1.74,0
1,9500,1,136.3,1,0,0,19,0,0,8,8,7,14.1,0,0,8,8,7,14.1,0,10.8,1.4,1.74,2
1,9500,1,121.5,1,0,1,20,0,0,7,8,6,12.396666666666668,0,0,8,9,7,12.94285714285714,0,11.1,0.6,2.02,2
1,9500,1,133.9,1,0,0,18,0,0,7,7,7,15.014285714285714,0,0,8,8,8,16.0875,0,12.4,0.5,1.79,2
1,171,1,136.8,1,0,1,18,0,0,0,0,0,0.0,0,0,0,0,0,0.0,0,13.9,-0.3,0.79,2
1,9500,1,133.5,1,0,0,19,0,0,7,8,7,14.05,0,0,8,8,8,15.1,0,13.9,-0.3,0.79,2
1,9500,1,130.0,1,0,0,18,0,0,7,8,7,14.85,0,0,8,8,8,15.2,0,13.9,-0.3,0.79,0
1,9085,1,140.0,1,0,0,19,0,0,6,10,6,13.0,0,0,6,19,5,13.0,0,12.4,0.5,1.79,2
1,9500,1,132.7,1,0,1,19,0,0,7,8,7,14.7875,0,0,8,8,8,15.8625,0,13.9,-0.3,0.79,2
1,9500,1,117.8,1,0,1,19,0,0,7,7,7,13.7,0,0,8,9,7,14.671428571428574,0,12.4,0.5,1.79,2
1,9500,1,126.1,1,0,1,19,0,0,7,7,7,12.495714285714286,0,0,8,9,7,12.242857142857144,0,11.1,0.6,2.02,0
1,9500,1,120.0,1,0,0,19,0,0,7,7,6,14.566666666666668,0,0,7,7,6,14.566666666666668,0,7.6,2.6,0.32,2
1,9670,1,100.0,0,0,0,25,0,0,5,5,5,11.2,0,0,5,5,4,11.25,0,9.4,-0.8,-3.12,0
1,9500,1,116.8,1,0,0,20,0,0,8,8,7,12.685714285714283,0,0,8,8,7,12.685714285714283,0,12.7,3.7,-1.7,2
1,9238,1,128.3,0,0,0,23,0,5,9,12,7,13.571428571428571,0,4,9,14,4,13.25,0,8.9,1.4,3.51,0
1,9070,1,117.0,1,0,0,20,0,0,6,0,0,0.0,0,0,6,0,0,0.0,0,15.5,2.8,-4.06,0
1,8014,1,131.5,1,0,0,27,0,0,6,8,5,11.0,0,0,6,7,6,11.166666666666666,0,11.1,0.6,2.02,2
1,9500,1,134.8,1,0,0,18,0,0,8,8,8,14.445,0,0,8,8,8,14.445,0,9.4,-0.8,-3.12,2
1,9853,1,146.6,1,0,0,18,0,0,6,9,5,13.6,0,0,6,10,4,11.75,0,9.4,-0.8,-3.12,1
1,8014,1,130.0,0,0,0,23,0,7,12,12,11,14.0,0,4,10,11,8,14.625,0,13.9,-0.3,0.79,0
1,9500,1,127.5,1,0,1,19,0,0,7,7,6,13.416666666666666,0,0,7,7,6,13.416666666666666,0,7.6,2.6,0.32,2
1,9147,1,123.0,1,0,0,18,0,0,5,8,5,12.333333333333334,2,0,5,7,5,11.4,0,15.5,2.8,-4.06,2
1,9500,1,100.0,1,0,0,20,0,0,7,8,7,13.1,0,0,8,8,8,14.8125,0,13.9,-0.3,0.79,2
1,9670,1,114.2,1,0,0,18,0,0,6,9,4,13.2,0,0,6,10,5,12.8,0,12.4,0.5,1.79,2
1,9500,1,123.5,1,0,1,19,0,0,8,8,8,14.75,0,0,8,8,8,14.75,0,9.4,-0.8,-3.12,2
1,9238,1,144.3,1,0,1,19,0,3,6,7,6,13.142857142857142,0,2,6,6,6,14.333333333333334,0,12.4,0.5,1.79,2
1,9853,1,142.2,1,0,0,19,0,0,6,9,4,12.5,0,0,6,9,5,12.5,0,9.4,-0.8,-3.12,1
1,9085,1,161.9,1,0,0,18,0,0,5,6,4,13.75,0,0,5,8,5,14.857142857142858,0,7.6,2.6,0.32,2
1,9238,1,135.9,1,0,0,18,0,0,6,11,5,12.4,0,0,6,7,6,13.0,0,9.4,-0.8,-3.12,2
1,9773,1,110.1,1,0,0,18,0,0,6,6,6,13.333333333333334,0,0,6,6,6,12.0,0,11.1,0.6,2.02,2
1,9853,1,122.5,0,0,0,28,0,11,11,11,11,11.727272727272728,0,8,8,8,8,12.0,0,15.5,2.8,-4.06,0
1,9254,1,138.1,1,0,0,19,0,0,6,8,4,12.5,0,0,6,11,1,14.0,0,7.6,2.6,0.32,0
1,171,1,117.3,1,0,0,20,0,0,0,0,0,0.0,0,0,0,0,0,0.0,0,13.9,-0.3,0.79,0
1,9500,1,106.8,1,0,1,19,0,0,7,8,6,13.533333333333331,0,0,8,9,7,13.614285714285714,0,12.4,0.5,1.79,2
1,9070,1,120.1,1,0,1,20,0,0,6,6,6,13.166666666666666,0,0,6,6,6,12.666666666666666,0,11.1,0.6,2.02,2
1,9254,1,116.5,1,0,1,19,0,0,6,9,5,13.2,0,0,6,8,5,11.0,0,12.4,0.5,1.79,2
1,9070,1,120.0,1,0,0,21,0,0,6,7,5,12.2,0,0,6,7,4,12.6,0,8.9,1.4,3.51,1
1,9853,1,139.7,1,0,1,19,0,0,7,7,7,13.428571428571429,0,0,7,7,7,14.857142857142858,0,11.1,0.6,2.02,2
1,9070,1,123.7,1,0,1,18,0,1,6,8,6,12.714285714285714,1,0,6,8,6,12.625,0,13.9,-0.3,0.79,2
1,9130,1,116.5,1,0,0,19,0,0,6,0,0,0.0,0,0,6,0,0,0.0,0,15.5,2.8,-4.06,0
1,9670,1,122.2,1,0,1,19,0,0,6,6,6,13.666666666666666,0,0,6,9,6,13.666666666666666,0,8.9,1.4,3.51,2
1,9773,1,146.0,1,0,0,20,0,0,6,6,5,11.0,0,0,6,6,6,13.166666666666666,0,16.2,0.3,-0.92,2
1,9853,1,108.8,1,0,0,18,0,0,7,11,5,11.4,0,0,7,9,6,13.333333333333334,0,13.9,-0.3,0.79,1
1,171,1,133.0,1,0,0,18,0,0,0,0,0,0.0,0,0,0,0,0,0.0,0,15.5,2.8,-4.06,1
1,9130,1,123.8,1,0,0,18,0,0,5,7,4,12.0,0,0,5,6,5,12.0,0,7.6,2.6,0.32,2
1,9773,1,120.0,1,0,0,18,0,0,6,6,0,0.0,0,0,6,0,0,0.0,0,8.9,1.4,3.51,0
1,9238,1,126.9,1,0,0,18,0,0,6,14,5,11.0,0,0,6,6,6,11.666666666666666,0,7.6,2.6,0.32,2
1,9773,1,121.3,1,0,0,20,0,0,6,12,5,12.0,0,0,6,8,6,11.571428571428571,0,15.5,2.8,-4.06,0
1,9500,1,129.0,1,0,1,19,0,0,7,7,7,13.308571428571428,0,0,8,10,8,12.55,0,12.4,0.5,1.79,2
1,9853,1,114.9,0,0,0,21,0,0,6,8,3,13.666666666666666,0,0,6,7,3,10.666666666666666,0,15.5,2.8,-4.06,0
1,9670,1,106.5,0,0,0,20,0,0,6,6,0,0.0,0,0,6,9,0,0.0,0,10.8,1.4,1.74,0
1,9254,1,133.9,1,0,0,18,0,0,6,10,5,12.2,0,0,6,8,4,11.25,0,9.4,-0.8,-3.12,2
1,9773,1,124.9,1,0,1,20,0,0,6,7,6,12.666666666666666,0,0,6,6,6,12.833333333333334,0,10.8,1.4,1.74,2
1,9500,1,128.5,1,0,1,19,0,0,8,8,8,14.07125,0,0,8,8,8,14.07125,0,9.4,-0.8,-3.12,2
1,9085,1,126.2,1,0,0,22,0,0,5,14,4,14.25,3,0,5,9,5,13.2,4,9.4,-0.8,-3.12,0
1,9130,1,121.7,0,0,0,22,0,0,6,0,0,0.0,0,0,2,2,0,0.0,2,9.4,-0.8,-3.12,0
1,9853,1,120.0,1,0,0,18,0,0,6,10,3,12.0,0,0,6,8,4,10.25,0,10.8,1.4,1.74,1
1,9147,1,113.2,1,0,0,21,0,3,10,18,6,11.166666666666666,2,4,10,16,7,10.571428571428571,0,7.6,2.6,0.32,1
1,9238,1,120.3,1,0,0,19,0,0,6,12,2,13.0,0,0,6,8,5,11.6,0,7.6,2.6,0.32,2
1,171,1,127.8,1,0,0,19,0,0,0,0,0,0.0,0,0,0,0,0,0.0,0,10.8,1.4,1.74,0
1,9500,1,123.3,1,0,1,20,0,0,8,8,7,14.901428571428571,1,0,8,8,7,14.901428571428571,1,9.4,-0.8,-3.12,0
1,9500,1,126.3,1,0,1,18,0,0,7,8,7,12.65,0,0,8,9,8,12.445555555555554,0,15.5,2.8,-4.06,2
1,9991,1,128.2,0,0,0,22,0,7,12,12,7,11.0,0,5,5,5,5,10.6,0,8.9,1.4,3.51,0
1,9085,1,134.9,1,0,0,20,0,0,5,7,4,12.4,0,0,5,9,5,12.666666666666666,0,7.6,2.6,0.32,2
1,9003,1,140.0,1,0,0,19,0,0,6,7,6,12.0,0,0,6,7,6,12.666666666666666,0,12.4,0.5,1.79,2
1,9500,1,115.5,1,0,1,19,0,0,7,8,7,12.135714285714286,0,0,8,10,7,13.328571428571427,0,12.4,0.5,1.79,2
1,9500,1,106.7,1,0,1,20,0,0,7,10,5,12.62,0,0,7,8,6,12.5,0,11.1,0.6,2.02,1
1,9991,1,140.0,1,0,0,25,0,0,5,11,3,10.666666666666666,0,0,5,11,3,11.333333333333334,0,15.5,2.8,-4.06,1
1,9500,1,136.6,1,0,1,19,0,0,7,12,6,13.766666666666666,0,0,8,10,7,14.051428571428572,0,15.5,2.8,-4.06,2
1,9500,1,119.3,1,0,0,19,0,0,8,8,8,13.11625,0,0,8,8,8,13.11625,0,9.4,-0.8,-3.12,2
1,9070,1,152.0,0,0,0,19,0,0,5,5,0,0.0,0,0,6,0,0,0.0,0,10.8,1.4,1.74,0
1,9500,1,144.3,1,0,0,20,0,0,7,9,6,12.7,0,0,8,8,7,13.571428571428571,0,13.9,-0.3,0.79,2
1,9556,1,159.0,1,0,0,25,0,0,7,11,7,11.857142857142858,0,0,8,21,5,11.7,0,12.4,0.5,1.79,1
1,9500,1,129.5,1,0,1,20,0,0,7,7,6,12.333333333333334,0,0,7,7,6,12.333333333333334,0,7.6,2.6,0.32,2
1,9238,1,140.0,1,0,0,24,0,0,6,9,4,15.75,0,0,6,10,5,16.4,0,9.4,-0.8,-3.12,1
1,9670,1,105.4,1,0,0,20,0,0,5,6,5,13.333333333333334,0,0,5,6,5,13.2,0,7.6,2.6,0.32,2
1,9500,1,136.0,1,0,0,21,0,4,7,9,7,14.355555555555554,0,5,8,8,8,13.49375,0,15.5,2.8,-4.06,2
1,9003,1,160.0,1,0,1,19,0,0,6,8,6,13.0,0,0,6,11,5,13.0,0,15.5,2.8,-4.06,2
1,9773,1,139.1,1,0,1,19,0,0,6,6,6,12.833333333333334,0,0,6,6,6,13.5,0,16.2,0.3,-0.92,2
1,9670,1,126.9,1,0,1,21,0,0,5,5,5,13.2,0,0,5,5,4,13.0,0,9.4,-0.8,-3.12,2
1,9500,1,184.0,1,0,0,28,0,0,7,9,7,17.005555555555556,0,1,8,9,8,16.582222222222224,0,15.5,2.8,-4.06,2
1,9238,1,125.0,0,0,1,19,0,0,6,8,5,10.6,0,0,6,8,5,11.0,0,10.8,1.4,1.74,2
1,9147,1,138.5,1,0,1,18,0,0,5,5,5,14.0,0,0,5,6,5,13.6,0,12.4,0.5,1.79,2
5,9500,1,133.5,1,0,1,18,0,0,8,8,7,12.114285714285714,0,0,8,8,7,12.114285714285714,0,12.7,3.7,-1.7,2
1,9500,1,141.5,1,0,1,18,0,0,8,8,8,13.05875,0,0,8,8,8,13.05875,0,9.4,-0.8,-3.12,2
1,9500,1,130.0,1,0,0,22,0,4,8,8,7,13.285714285714286,0,4,8,8,7,13.285714285714286,0,12.7,3.7,-1.7,2
1,9147,1,131.0,1,0,0,19,0,0,5,9,4,11.0,0,0,5,8,3,10.666666666666666,0,12.4,0.5,1.79,1
1,9500,1,145.0,1,0,1,18,0,0,7,7,7,14.071428571428571,0,0,8,8,8,15.1625,0,13.9,-0.3,0.79,2
1,9254,1,114.3,0,0,0,20,0,0,6,0,0,0.0,0,0,6,0,0,0.0,0,15.5,2.8,-4.06,0
1,171,1,108.3,0,0,0,26,0,4,9,9,4,11.25,0,3,10,12,3,11.0,0,12.4,0.5,1.79,0
1,9070,1,125.2,1,0,1,18,0,0,6,6,6,14.0,0,0,6,8,6,13.625,0,10.8,1.4,1.74,2
1,9254,1,131.7,1,0,1,21,0,0,6,8,6,12.166666666666666,0,0,6,11,3,11.666666666666666,0,10.8,1.4,1.74,0
1,9500,1,126.3,1,0,0,18,0,0,8,8,7,13.297142857142855,0,0,8,8,7,13.297142857142855,0,10.8,1.4,1.74,2
1,9085,1,147.6,1,0,0,20,0,0,6,14,6,13.923076923076923,0,0,6,9,6,14.25,0,15.5,2.8,-4.06,2
1,9500,1,125.1,1,0,0,18,0,0,7,11,7,13.37,0,0,8,13,7,12.833333333333334,0,15.5,2.8,-4.06,2
1,9147,1,123.8,1,0,1,19,0,0,5,5,5,12.4,0,0,5,8,3,11.0,0,12.7,3.7,-1.7,1
