dataset_name,epsilon,size_mb,num_records,num_attributes,num_categorical_attributes,num_continuous_attributes,max_categorical_unique,min_categorical_unique,mean_categorical_unique,entropy,skewness,kurtosis,mean_std_dev,mean_variance,mean_continuous_correlation,max_continuous_correlation,max_std_dev,max_variance,imbalance_ratio,outlier_percentage,avg_cat_uniqueness_ratio,energy
autism,0,0.255169868,702,20,18,2,67,2,6.388888889,1.158370778,7.265363524,149.2809285,9.50275804,139.3683301,0.00493373,0.009867459,16.50746501,272.4964012,2.714285714,1.282051282,0.025356125,1191.264355
autism,0.1,0.255169868,702,20,18,2,67,2,6.388888889,1.158370778,7.265363524,149.2809285,9.50275804,139.3683301,0.00493373,0.009867459,16.50746501,272.4964012,2.714285714,1.282051282,0.025356125,610.668609
german,0,0.811710358,1000,21,15,6,10,2,3.866666667,1.342941031,0.75553486,0.803444831,474.828541,1328020.182,0.098305999,0.624984198,2822.736876,7967843.471,2.333333333,1.552380952,0.004,957.454067
german,0.1,0.811710358,1000,21,15,6,10,2,3.866666667,1.342941031,0.75553486,0.803444831,474.828541,1328020.182,0.098305999,0.624984198,2822.736876,7967843.471,2.333333333,1.552380952,0.004,826.38864
nursery,0,6.522705078,12960,9,9,0,5,2,3.555555556,1.708697111,0.75553486,0.803444831,0,0,0,0,0,0,2160,0,0.000274348,299.066268
nursery,0.1,6.522705078,12960,9,9,0,5,2,3.555555556,1.708697111,0.75553486,0.803444831,0,0,0,0,0,0,2160,0,0.000274348,295.678636
obesity,0,1.308423996,2111,18,9,9,7,2,3.333333333,0.926128415,0.138943104,-0.21419693,4.218552596,81.38095401,0.111167135,0.463136117,26.19117175,685.9774774,1.290441176,1.971156377,0.001752724,967.775079
obesity,0.1,1.308423996,2111,18,9,9,7,2,3.333333333,0.926128415,0.138943104,-0.21419693,4.218552596,81.38095401,0.111167135,0.463136117,26.19117175,685.9774774,1.290441176,1.971156377,0.001752724,889.116304
productivity_garment,0,0.195400238,691,16,6,10,30,1,7.666666667,1.828474509,3.234025209,42.65631979,477.1045144,1158284.21,0.125192632,0.57750386,2864.505604,8205392.355,1.494584838,4.070188133,0.011336228,344.676089
productivity_garment,0.1,0.195400238,691,16,6,10,30,1,7.666666667,1.828474509,3.234025209,42.65631979,477.1045144,1158284.21,0.125192632,0.57750386,2864.505604,8205392.355,1.494584838,4.070188133,0.011336228,315.862713
Adult_v2,0,24.65984535,45221,13,9,4,40,2,11,1.667646699,4.294931845,43.14233502,1984.143791,14127981.18,0.051411878,0.101991673,7506.511295,56347711.83,3.034707352,3.078385978,0.00024325,4895.50088
Adult_v2,0.1,24.65984535,45221,13,9,4,40,2,11,1.667646699,4.294931845,43.14233502,1984.143791,14127981.18,0.051411878,0.101991673,7506.511295,56347711.83,3.034707352,3.078385978,0.00024325,4802.901256
abalone,0,0.700719833,4177,9,2,7,3,3,3,1.400985654,0.620368776,11.03315324,0.174618389,0.049594567,0.764034156,0.986811585,0.490389018,0.240481389,9.61302682,0.734179235,0.000718219,183.682106
abalone,0.1,0.700719833,4177,9,2,7,3,3,3,1.400985654,0.620368776,11.03315324,0.174618389,0.049594567,0.764034156,0.986811585,0.490389018,0.240481389,9.61302682,0.734179235,0.000718219,213.903444
bank,0,2.734223366,4521,18,12,6,31,2,6.583333333,1.564516797,3.901883519,33.07426136,564.1103178,1522588.195,0.055544675,0.576860824,3009.638142,9057921.749,7.677543186,4.472953378,0.00154833,1932.221754
bank,0.1,2.734223366,4521,18,12,6,31,2,6.583333333,1.564516797,3.901883519,33.07426136,564.1103178,1522588.195,0.055544675,0.576860824,3009.638142,9057921.749,7.677543186,4.472953378,0.00154833,1775.525639
bank-full,0,27.33893299,45211,18,12,6,31,2,6.583333333,1.569887916,10.25938313,785.3860915,569.6844134,1557834.293,0.04730394,0.454288021,3044.765829,9270598.954,7.548118737,4.458846053,0.00015483,17514.57268
bank-full,0.1,27.33893299,45211,18,12,6,31,2,6.583333333,1.569887916,10.25938313,785.3860915,569.6844134,1557834.293,0.04730394,0.454288021,3044.765829,9270598.954,7.548118737,4.458846053,0.00015483,17088.98654
dropout,0,1.248962402,4424,37,16,21,101,2,12.9375,1.334155584,1.870649259,13.64107962,6.938298381,105.7180613,0.163841142,0.944811037,26.41825291,697.9240866,2.782115869,4.732784321,0.004847298,30847.95994
dropout,0.1,1.248962402,4424,37,16,21,101,2,12.9375,1.334155584,1.870649259,13.64107962,6.938298381,105.7180613,0.163841142,0.944811037,26.41825291,697.9240866,2.782115869,4.732784321,0.004847298,29506.7027
Adult_test_v2 ,0,8.212572098,15060,13,9,4,40,2,11,1.668266892,4.240627043,41.43951841,2033.727149,14876100.28,0.098906805,0.227468711,7703.181842,59339010.5,3.07027027,3.048319542,0.000730412,1648.684988
Adult_test_v2 ,0.1,8.212572098,15060,13,9,4,40,2,11,1.668266892,4.240627043,41.43951841,2033.727149,14876100.28,0.098906805,0.227468711,7703.181842,59339010.5,3.07027027,3.048319542,0.000730412,1570.812484
Adult_train_v2,0,16.44739532,30161,13,9,4,40,2,11,1.667127458,4.322939457,44.05334522,1958.925736,13754844.44,0.050891565,0.101597911,7406.466611,54855747.65,3.017181673,3.082431974,0.000364709,3297.540491
Adult_train_v2,0.1,16.44739532,30161,13,9,4,40,2,11,1.667127458,4.322939457,44.05334522,1958.925736,13754844.44,0.050891565,0.101597911,7406.466611,54855747.65,3.017181673,3.082431974,0.000364709,3251.320651
catheterization,0,0.864162445,1000,61,33,28,9,1,2.545454545,0.739826865,0.634967304,3.513395828,141.0118999,118160.4585,0.078625198,0.998710196,1482.46258,2197695.302,1.732240437,4.766666667,0.004111111,51585.17723
catheterization,0.1,0.864162445,1000,61,33,28,9,1,2.545454545,0.739826865,0.634967304,3.513395828,141.0118999,118160.4585,0.078625198,0.998710196,1482.46258,2197695.302,1.732240437,4.766666667,0.004111111,51593.95643
catheterization_1,0,0.681751251,1000,41,19,22,9,1,2.736842105,0.853591219,0.902170665,4.674723088,106.881861,112475.9703,0.070555176,0.534757258,1482.46258,2197695.302,1.732240437,3.9775,0.003875,10558.73638
catheterization_1,0.1,0.681751251,1000,41,19,22,9,1,2.736842105,0.853591219,0.902170665,4.674723088,106.881861,112475.9703,0.070555176,0.534757258,1482.46258,2197695.302,1.732240437,3.9775,0.003875,10467.28777
catheterization_2,0,0.477804184,1000,21,16,5,9,1,2.875,0.862092938,0.95248479,3.474430798,401.9887303,490838.5711,0.036558113,0.137330776,1482.46258,2197695.302,1.732240437,4.285,0.004142857,790.259696
catheterization_2,0.1,0.477804184,1000,21,16,5,9,1,2.875,0.862092938,0.95248479,3.474430798,401.9887303,490838.5711,0.036558113,0.137330776,1482.46258,2197695.302,1.732240437,4.285,0.004142857,680.65001
catheterization_3,0,0.758045197,1000,51,26,25,9,1,2.538461538,0.767950102,0.732110181,4.097554252,94.66888388,98983.83574,0.076106321,0.534757258,1482.46258,2197695.302,1.732240437,4.178,0.003875,25231.09803
catheterization_3,0.1,0.758045197,1000,51,26,25,9,1,2.538461538,0.767950102,0.732110181,4.097554252,94.66888388,98983.83574,0.076106321,0.534757258,1482.46258,2197695.302,1.732240437,4.178,0.003875,25182.81538
bank-full_2,0,12.58824444,35000,13,7,6,12,2,3.857142857,1.047429312,16.29242968,1761.540528,545.742626,1444407.551,0.045093404,0.401571694,2931.491768,8593643.983,13.81795089,4.210549451,0.000119048,3764.293773
bank-full_2,0.1,12.58824444,35000,13,7,6,12,2,3.857142857,1.047429312,16.29242968,1761.540528,545.742626,1444407.551,0.045093404,0.401571694,2931.491768,8593643.983,13.81795089,4.210549451,0.000119048,3643.213403
Adult_v2_(bank-full),0,17.80956745,32650,13,9,4,31,2,10,1.631986914,4.578739366,50.93110794,1822.81459,11939587.95,0.070304814,0.232694555,6900.736029,47620157.74,3.224349851,2.526563788,0.000306279,3723.767173
Adult_v2_(bank-full),0.1,17.80956745,32650,13,9,4,31,2,10,1.631986914,4.578739366,50.93110794,1822.81459,11939587.95,0.070304814,0.232694555,6900.736029,47620157.74,3.224349851,2.526563788,0.000306279,3606.198096
bank-full_(Adult_v2),0,16.47197723,45211,13,8,5,31,2,7.375,1.582567045,11.33152972,934.6133796,683.0016919,1869399.232,0.050095951,0.454288021,3044.765829,9270598.954,7.548118737,5.652470553,0.000180108,5110.129363
bank-full_(Adult_v2),0.1,16.47197723,45211,13,8,5,31,2,7.375,1.582567045,11.33152972,934.6133796,683.0016919,1869399.232,0.050095951,0.454288021,3044.765829,9270598.954,7.548118737,5.652470553,0.000180108,4759.645718
coupons,0,2.360204697,2000,26,26,0,19,1,4.192307692,1.449171809,0.634967304,3.513395828,0,0,0,0,0,0,1.5,1.076,0.002526316,3366.406223
coupons,0.1,2.360204697,2000,26,26,0,19,1,4.192307692,1.449171809,0.634967304,3.513395828,0,0,0,0,0,0,1.5,1.076,0.002526316,3336.592575
support2_3,0,0.923985481,5000,16,3,13,8,2,5,1.158559206,2.542934485,42.00912286,91.3433074,74532.31672,0.054075037,0.853371012,977.0833876,954691.9463,2.531073446,14.8775,0.001,1304.629035
support2_3,0.1,0.923985481,5000,16,3,13,8,2,5,1.158559206,2.542934485,42.00912286,91.3433074,74532.31672,0.054075037,0.853371012,977.0833876,954691.9463,2.531073446,14.8775,0.001,1320.52231
taiwan_bankrupt_2,0,0.099304199,500,26,3,23,2,1,1.666666667,0.118715869,2.289524984,161.69437,421934880.8,1.40E+18,0.107945889,0.989504729,3820137512,1.46E+19,15.12903226,7.888,0.004,1363.81064
taiwan_bankrupt_2,0.1,0.099304199,500,26,3,23,2,1,1.666666667,0.118715869,2.289524984,161.69437,421934880.8,1.40E+18,0.107945889,0.989504729,3820137512,1.46E+19,15.12903226,7.888,0.004,1353.578716
indian,0,0.078246117,579,11,2,9,2,2,2,0.830077355,3.277891005,29.83866934,82.67326792,19689.23906,0.184233363,0.874480969,289.8500344,84013.04242,2.509090909,6.123410268,0.003454231,130.819294
indian,0.1,0.078246117,579,11,2,9,2,2,2,0.830077355,3.277891005,29.83866934,82.67326792,19689.23906,0.184233363,0.874480969,289.8500344,84013.04242,2.509090909,6.123410268,0.003454231,139.502728
support2_2,0,1.832741737,5000,26,8,18,76,2,12.625,1.327790397,2.2638989,33.53385749,70.86959921,53952.24542,0.055364812,0.853371012,977.0833876,954691.9463,2.531073446,10.75,0.003233333,10223.32574
support2_2,0.1,1.832741737,5000,26,8,18,76,2,12.625,1.327790397,2.2638989,33.53385749,70.86959921,53952.24542,0.055364812,0.853371012,977.0833876,954691.9463,2.531073446,10.75,0.003233333,8827.718675
taiwan_bankrupt_3,0,0.137451172,500,36,3,33,2,1,1.666666667,0.118715869,2.474160419,155.4954158,308558820.3,9.83E+17,0.125167302,1,3820137512,1.46E+19,15.12903226,7.542857143,0.004,4358.819826
taiwan_bankrupt_3,0.1,0.137451172,500,36,3,33,2,1,1.666666667,0.118715869,2.474160419,155.4954158,308558820.3,9.83E+17,0.125167302,1,3820137512,1.46E+19,15.12903226,7.542857143,0.004,4368.396408
catheterization_21_2111,0,1.008808136,2111,21,16,5,9,2,2.9375,0.866170376,1.038309848,4.02492484,519.1103997,676725.7578,0.036754542,0.141294999,1473.25683,2170485.688,1.818424566,3.967878009,0.001962509,1349.202998
catheterization_21_2111,0.1,1.008808136,2111,21,16,5,9,2,2.9375,0.866170376,1.038309848,4.02492484,519.1103997,676725.7578,0.036754542,0.141294999,1473.25683,2170485.688,1.818424566,3.967878009,0.001962509,1233.350329
catheterization_21_3541,0,1.692228317,3541,21,16,5,9,2,2.9375,0.876219448,1.074732098,4.323639297,674.2213193,1133185.608,0.037388129,0.135704342,1839.916708,3385293.491,1.826017558,4.125818641,0.001169968,2106.686822
catheterization_21_3541,0.1,1.692228317,3541,21,16,5,9,2,2.9375,0.876219448,1.074732098,4.323639297,674.2213193,1133185.608,0.037388129,0.135704342,1839.916708,3385293.491,1.826017558,4.125818641,0.001169968,1974.03689
catheterization_21_4236,0,2.024144173,4236,21,16,5,9,2,2.9375,0.875230034,1.097653117,4.508980851,750.6389688,1437740.65,0.038302418,0.141776962,2200.574114,4842526.431,1.824,4.126759297,0.000978012,2463.810792
catheterization_21_4236,0.1,2.024144173,4236,21,16,5,9,2,2.9375,0.875230034,1.097653117,4.508980851,750.6389688,1437740.65,0.038302418,0.141776962,2200.574114,4842526.431,1.824,4.126759297,0.000978012,2338.831418
catheterization_21_5734,0,2.739388466,5734,21,16,5,9,2,2.9375,0.874561106,1.082842216,4.489575418,901.6424476,2225955.554,0.03298371,0.142986048,2972.155988,8833711.216,1.848484848,4.072616141,0.000722507,3284.552268
catheterization_21_5734,0.1,2.739388466,5734,21,16,5,9,2,2.9375,0.874561106,1.082842216,4.489575418,901.6424476,2225955.554,0.03298371,0.142986048,2972.155988,8833711.216,1.848484848,4.072616141,0.000722507,3143.307187
catheterization_29_2131,0,1.257945061,2131,29,19,10,9,2,2.789473684,0.855933275,0.772456379,4.45241741,265.5168342,340248.0636,0.052708995,0.537691754,1471.556552,2165478.686,1.818783069,4.20395152,0.001818395,4921.538329
catheterization_29_2131,0.1,1.257945061,2131,29,19,10,9,2,2.789473684,0.855933275,0.772456379,4.45241741,265.5168342,340248.0636,0.052708995,0.537691754,1471.556552,2165478.686,1.818783069,4.20395152,0.001818395,4758.247877
catheterization_29_3419,0,2.01830101,3419,29,19,10,9,2,2.789473684,0.86408519,0.761585908,4.322471016,335.2089386,541797.8752,0.049019284,0.494248736,1776.808391,3157048.06,1.81399177,4.300511341,0.001133372,7558.326978
catheterization_29_3419,0.1,2.01830101,3419,29,19,10,9,2,2.789473684,0.86408519,0.761585908,4.322471016,335.2089386,541797.8752,0.049019284,0.494248736,1776.808391,3157048.06,1.81399177,4.300511341,0.001133372,7383.690461
catheterization_29_4095,0,2.417154312,4095,29,19,10,9,2,2.789473684,0.864655645,0.777538965,4.295802738,372.9998198,687064.9269,0.048865935,0.487583342,2128.480481,4530429.159,1.820247934,4.33244916,0.000946276,8918.771991
catheterization_29_4095,0.1,2.417154312,4095,29,19,10,9,2,2.789473684,0.864655645,0.777538965,4.295802738,372.9998198,687064.9269,0.048865935,0.487583342,2128.480481,4530429.159,1.820247934,4.33244916,0.000946276,8742.120905
catheterization_29_5531,0,3.264159203,5531,29,19,10,9,2,2.789473684,0.864039014,0.758690732,4.140910409,445.5752184,1051959.192,0.047517281,0.476642889,2866.313457,8215752.833,1.842240493,4.299902119,0.000700597,11881.42012
catheterization_29_5531,0.1,3.264159203,5531,29,19,10,9,2,2.789473684,0.864039014,0.758690732,4.140910409,445.5752184,1051959.192,0.047517281,0.476642889,2866.313457,8215752.833,1.842240493,4.299902119,0.000700597,11686.54291
catheterization_38_584,0,0.384888649,584,38,19,19,9,1,2.736842105,0.85356484,0.920659735,5.024345969,106.0208995,114761.2225,0.067074066,0.46978641,1440.829095,2075988.482,1.630630631,4.285449833,0.006635274,5214.777481
catheterization_38_584,0.1,0.384888649,584,38,19,19,9,1,2.736842105,0.85356484,0.920659735,5.024345969,106.0208995,114761.2225,0.067074066,0.46978641,1440.829095,2075988.482,1.630630631,4.285449833,0.006635274,5017.182861
catheterization_38_1399,0,0.921794891,1399,38,19,19,9,1,2.736842105,0.851997427,0.93425418,5.380490309,128.9808876,140001.9103,0.057925577,0.544435311,1456.668837,2121884.1,1.732421875,4.333210981,0.002769836,10201.36993
catheterization_38_1399,0.1,0.921794891,1399,38,19,19,9,1,2.736842105,0.851997427,0.93425418,5.380490309,128.9808876,140001.9103,0.057925577,0.544435311,1456.668837,2121884.1,1.732421875,4.333210981,0.002769836,10074.11682
catheterization_38_2074,0,1.366749763,2074,38,19,19,9,2,2.789473684,0.855631413,1.002228121,6.397780107,148.7331263,176549.1659,0.054172441,0.535994859,1471.885589,2166447.188,1.817934783,4.182104248,0.00186837,14278.64187
catheterization_38_2074,0.1,1.366749763,2074,38,19,19,9,2,2.789473684,0.855631413,1.002228121,6.397780107,148.7331263,176549.1659,0.054172441,0.535994859,1471.885589,2166447.188,1.817934783,4.182104248,0.00186837,14198.42413
catheterization_38_2284,0,1.505099297,2284,38,19,19,9,2,2.789473684,0.858985605,1.046739786,6.903782822,154.003432,188141.032,0.054180012,0.52735529,1463.472042,2141750.419,1.851435705,4.197391465,0.001696585,15617.61755
catheterization_38_2284,0.1,1.505099297,2284,38,19,19,9,2,2.789473684,0.858985605,1.046739786,6.903782822,154.003432,188141.032,0.054180012,0.52735529,1463.472042,2141750.419,1.851435705,4.197391465,0.001696585,15577.29602
catheterization_47_501,0,0.364652634,501,47,22,25,9,1,2.636363636,0.804860511,0.706425001,3.775005662,81.30221534,82181.40604,0.080180677,0.51787678,1403.825982,1970727.387,1.636842105,3.887876421,0.007734531,10875.97711
catheterization_47_501,0.1,0.364652634,501,47,22,25,9,1,2.636363636,0.804860511,0.706425001,3.775005662,81.30221534,82181.40604,0.080180677,0.51787678,1403.825982,1970727.387,1.636842105,3.887876421,0.007734531,10722.96727
catheterization_47_1479,0,1.076230049,1479,47,22,25,9,1,2.636363636,0.806781908,0.742014592,4.199098107,103.4560419,108043.0623,0.072889855,0.533857964,1447.985487,2096661.97,1.749070632,4.067084105,0.002620014,25295.00521
catheterization_47_1479,0.1,1.076230049,1479,47,22,25,9,1,2.636363636,0.806781908,0.742014592,4.199098107,103.4560419,108043.0623,0.072889855,0.533857964,1447.985487,2096661.97,1.749070632,4.067084105,0.002620014,25219.37968
catheterization_47_2000,0,1.455459595,2000,47,22,25,9,2,2.681818182,0.810805516,0.802530898,4.89616384,115.4396229,130548.7235,0.071454394,0.532622481,1467.87023,2154643.013,1.824858757,3.725531915,0.0019375,32989.15736
catheterization_47_2000,0.1,1.455459595,2000,47,22,25,9,2,2.681818182,0.810805516,0.802530898,4.89616384,115.4396229,130548.7235,0.071454394,0.532622481,1467.87023,2154643.013,1.824858757,3.725531915,0.0019375,30955.17954
catheterization_47_2345,0,1.706414223,2345,47,22,25,9,2,2.681818182,0.814892132,0.834853081,5.186588278,122.3705106,145998.7744,0.071066463,0.515150423,1462.777137,2139716.952,1.835550181,3.753572563,0.001652452,38164.94079
catheterization_47_2345,0.1,1.706414223,2345,47,22,25,9,2,2.681818182,0.814892132,0.834853081,5.186588278,122.3705106,145998.7744,0.071066463,0.515150423,1462.777137,2139716.952,1.835550181,3.753572563,0.001652452,38082.28512
catheterization_55_553,0,0.436187744,553,55,30,25,9,1,2.466666667,0.724949063,0.702375082,3.700024891,83.99642751,87192.78102,0.08077316,0.511106418,1442.895067,2081946.174,1.633333333,4.698278749,0.007007233,21491.96255
catheterization_55_553,0.1,0.436187744,553,55,30,25,9,1,2.466666667,0.724949063,0.702375082,3.700024891,83.99642751,87192.78102,0.08077316,0.511106418,1442.895067,2081946.174,1.633333333,4.698278749,0.007007233,21329.13276
catheterization_55_1599,0,1.261201859,1599,55,30,25,9,1,2.466666667,0.726142052,0.752658778,4.181987061,106.9560404,114733.018,0.072785032,0.528319885,1469.83677,2160420.13,1.800350263,4.646422533,0.00242339,50829.15742
catheterization_55_1599,0.1,1.261201859,1599,55,30,25,9,1,2.466666667,0.726142052,0.752658778,4.181987061,106.9560404,114733.018,0.072785032,0.528319885,1469.83677,2160420.13,1.800350263,4.646422533,0.00242339,50753.20308
catheterization_61_234,0,0.202300072,234,61,33,28,9,1,2.484848485,0.737830858,0.646032659,3.342249686,128.8232876,112129.7755,0.090146778,0.999109885,1491.852063,2225622.578,1.543478261,5.028490028,0.016619183,19009.83532
catheterization_61_234,0.1,0.202300072,234,61,33,28,9,1,2.484848485,0.737830858,0.646032659,3.342249686,128.8232876,112129.7755,0.090146778,0.999109885,1491.852063,2225622.578,1.543478261,5.028490028,0.016619183,18821.1205
catheterization_61_521,0,0.450335503,521,61,33,28,9,1,2.545454545,0.740125146,0.619158817,3.249284057,129.7459846,102742.4303,0.083326972,0.998816322,1388.856145,1928921.391,1.644670051,4.84325016,0.007890808,31088.84751
catheterization_61_521,0.1,0.450335503,521,61,33,28,9,1,2.545454545,0.740125146,0.619158817,3.249284057,129.7459846,102742.4303,0.083326972,0.998816322,1388.856145,1928921.391,1.644670051,4.84325016,0.007890808,31179.08152
catheterization_61_769,0,0.664481163,769,61,33,28,9,1,2.545454545,0.740198043,0.621397945,3.098815659,136.9607012,114678.9035,0.08145465,0.998713855,1485.025918,2205301.978,1.642611684,4.893801474,0.005346048,41663.77687
catheterization_61_769,0.1,0.664481163,769,61,33,28,9,1,2.545454545,0.740198043,0.621397945,3.098815659,136.9607012,114678.9035,0.08145465,0.998713855,1485.025918,2205301.978,1.642611684,4.893801474,0.005346048,41742.30593
random_507_34,0,0.135505676,507,35,21,14,109,2,102.952381,6.334342559,0.011530221,-0.022991665,0.986032837,0.973150033,0.032860035,0.115995429,1.042604408,1.087023952,1.086419753,0.276134122,0.203061895,12050.01086
random_507_34,0.1,0.135505676,507,35,21,14,109,2,102.952381,6.334342559,0.011530221,-0.022991665,0.986032837,0.973150033,0.032860035,0.115995429,1.042604408,1.087023952,1.086419753,0.276134122,0.203061895,7253.699623
random_534_50,0,0.207901001,534,51,36,15,47,2,45.75,5.36766772,-0.024872839,-0.088948434,1.00621834,1.013307993,0.031835806,0.117970366,1.049443163,1.101330952,1.053846154,0.172578395,0.085674157,19501.21572
random_534_50,0.1,0.207901001,534,51,36,15,47,2,45.75,5.36766772,-0.024872839,-0.088948434,1.00621834,1.013307993,0.031835806,0.117970366,1.049443163,1.101330952,1.053846154,0.172578395,0.085674157,19008.82057
random_638_46,0,0.228897095,638,47,33,14,18,2,17.51515152,4.056040333,0.030519293,-0.087822718,1.000516807,1.001941377,0.030606953,0.098947656,1.050470259,1.103487766,1.025396825,0.156739812,0.027453216,14451.20348
random_638_46,0.1,0.228897095,638,47,33,14,18,2,17.51515152,4.056040333,0.030519293,-0.087822718,1.000516807,1.001941377,0.030606953,0.098947656,1.050470259,1.103487766,1.025396825,0.156739812,0.027453216,14456.81646
random_736_44,0,0.252807617,736,45,43,2,76,2,74.25581395,6.056246396,0.113257378,-0.036230972,0.998719217,0.997466713,0.01811537,0.036230741,1.003880552,1.007776162,1.055865922,0.03321256,0.100891052,19215.01528
random_736_44,0.1,0.252807617,736,45,43,2,76,2,74.25581395,6.056246396,0.113257378,-0.036230972,0.998719217,0.997466713,0.01811537,0.036230741,1.003880552,1.007776162,1.055865922,0.03321256,0.100891052,18497.00373
random_1711_27,0,0.365631104,1711,28,28,0,87,2,83.96428571,6.212334782,0,0,0,0,0,0,0,0,1.094247246,0,0.049073224,9346.718199
random_1711_27,0.1,0.365631104,1711,28,28,0,87,2,83.96428571,6.212334782,0,0,0,0,0,0,0,0,1.094247246,0,0.049073224,8156.969233
random_1810_39,0,0.552490234,1810,40,34,6,33,2,32.08823529,4.9128512,-0.025267729,0.035392487,0.997860099,0.995936076,0.02088722,0.071590339,1.020504911,1.041430274,1.068571429,0.124309392,0.017728307,19113.68653
random_1810_39,0.1,0.552490234,1810,40,34,6,33,2,32.08823529,4.9128512,-0.025267729,0.035392487,0.997860099,0.995936076,0.02088722,0.071590339,1.020504911,1.041430274,1.068571429,0.124309392,0.017728307,18939.60013
random_1969_46,0,0.706169128,1969,47,40,7,90,2,87.8,6.322055543,0.041610801,0.02408433,0.994776922,0.98977235,0.016958558,0.039828096,1.011707809,1.02355269,1.00509165,0.111299612,0.044591163,46820.32476
random_1969_46,0.1,0.706169128,1969,47,40,7,90,2,87.8,6.322055543,0.041610801,0.02408433,0.994776922,0.98977235,0.016958558,0.039828096,1.011707809,1.02355269,1.00509165,0.111299612,0.044591163,45348.54462
random_2003_43,0,0.672515869,2003,44,2,42,145,2,73.5,4.064251443,0.007321211,-0.009707063,0.996546137,0.993378863,0.01688702,0.072231223,1.031896035,1.064809427,1.045965271,0.659238415,0.036694958,31462.02568
random_2003_43,0.1,0.672515869,2003,44,2,42,145,2,73.5,4.064251443,0.007321211,-0.009707063,0.996546137,0.993378863,0.01688702,0.072231223,1.031896035,1.064809427,1.045965271,0.659238415,0.036694958,29120.92896
random_2031_49,0,0.774887085,2031,50,50,0,88,2,86.28,6.319190978,0,0,0,0,0,0,0,0,1.016881827,0,0.042481536,59743.20888
random_2031_49,0.1,0.774887085,2031,50,50,0,88,2,86.28,6.319190978,0,0,0,0,0,0,0,0,1.016881827,0,0.042481536,59382.28653
random_2202_37,0,0.638519287,2202,38,22,16,91,2,86.95454545,6.230263551,-0.001061911,0.025185215,0.997619013,0.995446192,0.015078792,0.050192198,1.023690996,1.047943255,1.014638609,0.29638128,0.039488894,25128.8053
random_2202_37,0.1,0.638519287,2202,38,22,16,91,2,86.95454545,6.230263551,-0.001061911,0.025185215,0.997619013,0.995446192,0.015078792,0.050192198,1.023690996,1.047943255,1.014638609,0.29638128,0.039488894,19769.55547
random_3109_30,0,0.735435486,3109,31,25,6,49,2,47.12,5.419925264,0.023427985,0.009443581,1.004051364,1.008275337,0.013515552,0.033537576,1.016921233,1.034128795,1.064409031,0.128658733,0.015155999,13003.5747
random_3109_30,0.1,0.735435486,3109,31,25,6,49,2,47.12,5.419925264,0.023427985,0.009443581,1.004051364,1.008275337,0.013515552,0.033537576,1.016921233,1.034128795,1.064409031,0.128658733,0.015155999,12459.82223
random_3155_31,0,0.770385742,3155,32,4,28,91,2,68.75,5.112268779,0.010496303,-0.002301271,1.001550921,1.003265806,0.013787907,0.063196161,1.025561739,1.051776881,1.027634961,0.614104596,0.021790808,18654.9415
random_3155_31,0.1,0.770385742,3155,32,4,28,91,2,68.75,5.112268779,0.010496303,-0.002301271,1.001550921,1.003265806,0.013787907,0.063196161,1.025561739,1.051776881,1.027634961,0.614104596,0.021790808,12767.10592
random_3169_20,0,0.507850647,3169,21,20,1,15,2,14.35,3.758212987,0.024133134,0.214616688,0.997980764,0.995965605,0,0,0.997980764,0.995965605,1.031410256,0.045079565,0.004528242,2443.925756
random_3169_20,0.1,0.507850647,3169,21,20,1,15,2,14.35,3.758212987,0.024133134,0.214616688,0.997980764,0.995965605,0,0,0.997980764,0.995965605,1.031410256,0.045079565,0.004528242,2444.205246
random_814_46,0,0.292007446,814,47,42,5,107,2,104.452381,6.512565432,-0.038984085,-0.054276097,0.975261844,0.951600389,0.021348888,0.060327815,1.011857382,1.023855361,1.081841432,0.078414972,0.128319878,30038.77775
random_814_46,0.1,0.292007446,814,47,42,5,107,2,104.452381,6.512565432,-0.038984085,-0.054276097,0.975261844,0.951600389,0.021348888,0.060327815,1.011857382,1.023855361,1.081841432,0.078414972,0.128319878,27404.95475
random_1040_46,0,0.373046875,1040,47,47,0,57,2,55.82978723,5.692470323,0,0,0,0,0,0,0,0,1.007722008,0,0.053682488,24821.26971
random_1040_46,0.1,0.373046875,1040,47,47,0,57,2,55.82978723,5.692470323,0,0,0,0,0,0,0,0,1.007722008,0,0.053682488,24888.82637
random_1071_41,0,0.343307495,1071,42,41,1,22,2,21.51219512,4.361654937,-0.045740751,0.03405906,1.015769355,1.031787383,0,0,1.015769355,1.031787383,1.15060241,0.026677338,0.020086083,14403.78248
random_1071_41,0.1,0.343307495,1071,42,41,1,22,2,21.51219512,4.361654937,-0.045740751,0.03405906,1.015769355,1.031787383,0,0,1.015769355,1.031787383,1.15060241,0.026677338,0.020086083,14374.77177
random_1407_30,0,0.332893372,1407,31,31,0,46,2,44.58064516,5.354382851,0,0,0,0,0,0,0,0,1.084444444,0,0.031684894,6912.466702
random_1407_30,0.1,0.332893372,1407,31,31,0,46,2,44.58064516,5.354382851,0,0,0,0,0,0,0,0,1.084444444,0,0.031684894,6939.498036
random_1560_48,0,0.583312988,1560,49,44,5,135,2,131.9772727,6.878883975,-0.039204127,0.002259158,0.997250494,0.994943637,0.018017862,0.042673884,1.017015554,1.034320638,1.007722008,0.073260073,0.084600816,59357.46174
random_1560_48,0.1,0.583312988,1560,49,44,5,135,2,131.9772727,6.878883975,-0.039204127,0.002259158,0.997250494,0.994943637,0.018017862,0.042673884,1.017015554,1.034320638,1.007722008,0.073260073,0.084600816,56069.04581
random_1905_35,0,0.523345947,1905,36,5,31,127,2,102,5.753695935,-0.000961005,-0.007724401,0.9955877,0.991485232,0.01873161,0.073389638,1.040333091,1.08229294,1.022292994,0.592009332,0.053543307,24646.67905
random_1905_35,0.1,0.523345947,1905,36,5,31,127,2,102,5.753695935,-0.000961005,-0.007724401,0.9955877,0.991485232,0.01873161,0.073389638,1.040333091,1.08229294,1.022292994,0.592009332,0.053543307,13076.05646
random_2016_38,0,0.599975586,2016,39,18,21,121,2,114.3888889,6.548757899,-0.014328956,-0.037889955,0.99870899,0.997941019,0.016911733,0.065241636,1.043100915,1.088059518,1.028169014,0.351037851,0.05674052,31284.81516
random_2016_38,0.1,0.599975586,2016,39,18,21,121,2,114.3888889,6.548757899,-0.014328956,-0.037889955,0.99870899,0.997941019,0.016911733,0.065241636,1.043100915,1.088059518,1.028169014,0.351037851,0.05674052,19826.90545
random_2557_25,0,0.507339478,2557,26,22,4,60,2,57.36363636,5.667645965,0.017208169,-0.00104573,0.994453601,0.989064888,0.013379099,0.05728609,1.006288802,1.012617153,1.011801731,0.096266659,0.02243396,6987.275046
random_2557_25,0.1,0.507339478,2557,26,22,4,60,2,57.36363636,5.667645965,0.017208169,-0.00104573,0.994453601,0.989064888,0.013379099,0.05728609,1.006288802,1.012617153,1.011801731,0.096266659,0.02243396,6599.643373
random_2705_33,0,0.701797485,2705,34,7,27,100,2,86,5.81519759,-0.003937168,-0.034407275,0.998493971,0.997152254,0.013679332,0.05715809,1.029604635,1.060085705,1.008166295,0.514298141,0.031792976,21453.01251
random_2705_33,0.1,0.701797485,2705,34,7,27,100,2,86,5.81519759,-0.003937168,-0.034407275,0.998493971,0.997152254,0.013679332,0.05715809,1.029604635,1.060085705,1.008166295,0.514298141,0.031792976,13967.74093
random_2916_28,0,0.645294189,2916,29,25,4,21,2,20.24,4.251517577,-0.005829428,-0.059278683,1.006672353,1.013403781,0.010396011,0.021084787,1.010827517,1.021772269,1.005502063,0.075682323,0.006941015,8051.703124
random_2916_28,0.1,0.645294189,2916,29,25,4,21,2,20.24,4.251517577,-0.005829428,-0.059278683,1.006672353,1.013403781,0.010396011,0.021084787,1.010827517,1.021772269,1.005502063,0.075682323,0.006941015,8053.773793
random_2998_14,0,0.343215942,2998,15,8,7,121,2,106.125,6.15301803,0.004961568,0.02580532,1.000668537,1.001448612,0.011866262,0.039392703,1.013615146,1.027415664,1.045020464,0.346897932,0.035398599,5592.190735
random_2998_14,0.1,0.343215942,2998,15,8,7,121,2,106.125,6.15301803,0.004961568,0.02580532,1.000668537,1.001448612,0.011866262,0.039392703,1.013615146,1.027415664,1.045020464,0.346897932,0.035398599,1779.184129
random_4308_18,0,0.624603271,4308,19,8,11,148,2,129.75,6.410379151,0.000554243,-0.00446371,1.00378618,1.007650454,0.011097227,0.036160668,1.013975961,1.028147249,1.05730659,0.383619215,0.030118384,12977.18457
random_4308_18,0.1,0.624603271,4308,19,8,11,148,2,129.75,6.410379151,0.000554243,-0.00446371,1.00378618,1.007650454,0.011097227,0.036160668,1.013975961,1.028147249,1.05730659,0.383619215,0.030118384,4418.21964
random_4463_14,0,0.510871887,4463,15,13,2,143,2,132.1538462,6.664600529,-0.017445205,-0.008104628,0.995035937,0.990096519,0.005946604,0.011893208,0.99508587,0.99019589,1.038830516,0.101575921,0.02961099,9572.899641
random_4463_14,0.1,0.510871887,4463,15,13,2,143,2,132.1538462,6.664600529,-0.017445205,-0.008104628,0.995035937,0.990096519,0.005946604,0.011893208,0.99508587,0.99019589,1.038830516,0.101575921,0.02961099,7860.629316
random_7711_5,0,0.353103638,7711,6,6,0,112,2,93.66666667,5.830146729,0,0,0,0,0,0,0,0,1.027609782,0,0.012147149,2021.75853
random_7711_5,0.1,0.353103638,7711,6,6,0,112,2,93.66666667,5.830146729,0,0,0,0,0,0,0,0,1.027609782,0,0.012147149,2000.86248
random_536_41,0,0.171875,536,42,35,7,72,2,70,5.9276341,-0.069119035,-0.018518607,1.010228476,1.02113081,0.018755431,0.082406434,1.0396311,1.080832823,1.045801527,0.137704335,0.130597015,12618.69508
random_536_41,0.1,0.171875,536,42,35,7,72,2,70,5.9276341,-0.069119035,-0.018518607,1.010228476,1.02113081,0.018755431,0.082406434,1.0396311,1.080832823,1.045801527,0.137704335,0.130597015,11504.90205
random_724_50,0,0.281829834,724,51,48,3,110,2,107.6666667,6.551292679,-0.035633572,-0.08063735,1.006179808,1.012649525,0.010540913,0.026428986,1.02810715,1.057004312,1.074498567,0.037915719,0.148710866,36249.32916
random_724_50,0.1,0.281829834,724,51,48,3,110,2,107.6666667,6.551292679,-0.035633572,-0.08063735,1.006179808,1.012649525,0.010540913,0.026428986,1.02810715,1.057004312,1.074498567,0.037915719,0.148710866,34448.93266
random_742_45,0,0.260528564,742,46,31,15,49,2,47.48387097,5.420145882,-0.020399206,0.018505076,1.007384863,1.015601026,0.026309325,0.092130077,1.05050631,1.103563508,1.066852368,0.246103363,0.063994435,17164.61603
random_742_45,0.1,0.260528564,742,46,31,15,49,2,47.48387097,5.420145882,-0.020399206,0.018505076,1.007384863,1.015601026,0.026309325,0.092130077,1.05050631,1.103563508,1.066852368,0.246103363,0.063994435,16397.65103
random_760_45,0,0.266845703,760,46,13,33,60,2,55.53846154,5.474165414,-0.022273486,-0.003157367,1.003419145,1.007318079,0.026398735,0.121369996,1.051105144,1.104822024,1.005277045,0.46624714,0.073076923,18202.57775
random_760_45,0.1,0.266845703,760,46,13,33,60,2,55.53846154,5.474165414,-0.022273486,-0.003157367,1.003419145,1.007318079,0.026398735,0.121369996,1.051105144,1.104822024,1.005277045,0.46624714,0.073076923,15673.18193
random_800_43,0,0.268676758,800,44,13,31,37,2,34.30769231,4.855829863,-0.025001825,-0.058319484,1.004668342,1.010032309,0.026104548,0.104570943,1.086230982,1.179897746,1.040816327,0.480113636,0.042884615,14424.56757
random_800_43,0.1,0.268676758,800,44,13,31,37,2,34.30769231,4.855829863,-0.025001825,-0.058319484,1.004668342,1.010032309,0.026104548,0.104570943,1.086230982,1.179897746,1.040816327,0.480113636,0.042884615,13658.84218
random_867_50,0,0.337471008,867,51,16,35,16,2,15.125,3.799770983,-0.023887944,0.028092882,0.997856613,0.996445928,0.026678113,0.103140996,1.055516899,1.114115923,1.011600928,0.606101726,0.017445213,25208.32194
random_867_50,0.1,0.337471008,867,51,16,35,16,2,15.125,3.799770983,-0.023887944,0.028092882,0.997856613,0.996445928,0.026678113,0.103140996,1.055516899,1.114115923,1.011600928,0.606101726,0.017445213,25365.74633
random_943_41,0,0.30229187,943,42,31,11,90,2,87.16129032,6.249324242,-0.014162939,0.079474926,1.014817411,1.030744567,0.023281325,0.099600094,1.05518108,1.113407112,1.128668172,0.234812907,0.092429788,20044.32904
random_943_41,0.1,0.30229187,943,42,31,11,90,2,87.16129032,6.249324242,-0.014162939,0.079474926,1.014817411,1.030744567,0.023281325,0.099600094,1.05518108,1.113407112,1.128668172,0.234812907,0.092429788,17158.41484
random_1106_50,0,0.430465698,1106,51,48,3,112,2,109.7083333,6.612715531,-0.048723776,0.012707123,1.011902924,1.024311079,0.03206882,0.080425673,1.035445741,1.072147883,1.059590317,0.035457221,0.099193791,46839.4795
random_1106_50,0.1,0.430465698,1106,51,48,3,112,2,109.7083333,6.612715531,-0.048723776,0.012707123,1.011902924,1.024311079,0.03206882,0.080425673,1.035445741,1.072147883,1.059590317,0.035457221,0.099193791,45174.31991
random_1270_47,0,0.465209961,1270,48,45,3,74,2,72.4,6.053587015,0.109443523,0.138297654,0.998372358,0.997025949,0.006140653,0.012211461,1.016389298,1.033047205,1.048387097,0.054133858,0.057007874,33523.22841
random_1270_47,0.1,0.465209961,1270,48,45,3,74,2,72.4,6.053587015,0.109443523,0.138297654,0.998372358,0.997025949,0.006140653,0.012211461,1.016389298,1.033047205,1.048387097,0.054133858,0.057007874,32791.22073
random_1382_42,0,0.45350647,1382,43,39,4,54,2,52.66666667,5.605745822,0.012681409,-0.073810665,1.001382188,1.003258268,0.018893043,0.047998535,1.036575969,1.074489739,1.075075075,0.048800188,0.038109021,22016.06051
random_1382_42,0.1,0.45350647,1382,43,39,4,54,2,52.66666667,5.605745822,0.012681409,-0.073810665,1.001382188,1.003258268,0.018893043,0.047998535,1.036575969,1.074489739,1.075075075,0.048800188,0.038109021,21838.7971
drugs,0,0.187080383,1885,13,2,11,7,2,4.5,1.779940446,0.236382742,5.029537704,0.872716478,0.818678199,0.164411094,0.623119636,0.998105936,0.996215459,5.648148148,1.122219955,0.003713528,332.92187
drugs,0.1,0.187080383,1885,13,2,11,7,2,4.5,1.779940446,0.236382742,5.029537704,0.872716478,0.818678199,0.164411094,0.623119636,0.998105936,0.996215459,5.648148148,1.122219955,0.003713528,314.906133
egyptian,0,0.306556702,1385,29,10,19,14,2,3.4,1.378806966,0.115394264,-0.395187421,101151.9517,31636775106,0.026384878,0.445987627,362315.1328,1.31E+11,1.090361446,0.009958919,0.006498195,4129.027107
egyptian,0.1,0.306556702,1385,29,10,19,14,2,3.4,1.378806966,0.115394264,-0.395187421,101151.9517,31636775106,0.026384878,0.445987627,362315.1328,1.31E+11,1.090361446,0.009958919,0.006498195,4067.487984
hcv,0,0.090444565,615,13,2,11,5,2,3.5,0.888396427,3.971008858,50.09895135,21.20507616,767.4155376,0.13740602,0.557196912,54.66107124,2987.832709,76.14285714,3.977485929,0.005691057,203.721212
hcv,0.1,0.090444565,615,13,2,11,5,2,3.5,0.888396427,3.971008858,50.09895135,21.20507616,767.4155376,0.13740602,0.557196912,54.66107124,2987.832709,76.14285714,3.977485929,0.005691057,225.090606
heart_failure,0,0.029777527,299,13,6,7,2,2,2,0.941372408,1.491362585,8.564391749,14125.90223,1366659505,0.066045059,0.22406842,97804.23687,9565668749,2.114583333,2.186776434,0.006688963,167.182142
heart_failure,0.1,0.029777527,299,13,6,7,2,2,2,0.941372408,1.491362585,8.564391749,14125.90223,1366659505,0.066045059,0.22406842,97804.23687,9565668749,2.114583333,2.186776434,0.006688963,124.130477
hepatitis,0,0.012329102,80,20,14,6,2,2,2,0.779684321,0.918246607,2.348291799,26.9073439,1447.634944,0.210716181,0.434658978,71.59997437,5126.556329,5.153846154,5.625,0.025,324.155676
hepatitis,0.1,0.012329102,80,20,14,6,2,2,2,0.779684321,0.918246607,2.348291799,26.9073439,1447.634944,0.210716181,0.434658978,71.59997437,5126.556329,5.153846154,5.625,0.025,216.605801
taiwan_61_1001,0,0.46598053,1001,61,3,58,2,1,1.666666667,0.087532206,5.524411436,253.7743256,309744598.5,9.29E+17,0.129105039,1,3598843280,1.30E+19,22.83333333,6.756576757,0.001998002,55857.94801
taiwan_61_1001,0.1,0.46598053,1001,61,3,58,2,1,1.666666667,0.087532206,5.524411436,253.7743256,309744598.5,9.29E+17,0.129105039,1,3598843280,1.30E+19,22.83333333,6.756576757,0.001998002,56683.24326
taiwan_65_500,0,0.248077393,500,65,3,62,2,1,1.666666667,0.118715869,4.669493441,145.9714846,285215285.8,8.74E+17,0.136988986,1,3820137512,1.46E+19,15.12903226,7.015625,0.004,42423.05263
taiwan_65_500,0.1,0.248077393,500,65,3,62,2,1,1.666666667,0.118715869,4.669493441,145.9714846,285215285.8,8.74E+17,0.136988986,1,3820137512,1.46E+19,15.12903226,7.015625,0.004,42636.91922
taiwan_51_1001,0,0.389610291,1001,51,3,48,2,1,1.666666667,0.087532206,4.740878512,257.9912673,374274723.2,1.12E+18,0.11412063,1,3598843280,1.30E+19,22.83333333,7.136863137,0.001998002,27572.02435
taiwan_51_1001,0.1,0.389610291,1001,51,3,48,2,1,1.666666667,0.087532206,4.740878512,257.9912673,374274723.2,1.12E+18,0.11412063,1,3598843280,1.30E+19,22.83333333,7.136863137,0.001998002,27890.7674
taiwan_51_1502,0,0.58454895,1502,51,3,48,2,1,1.666666667,0.096137922,6.544209134,391.0270582,375842983.5,1.11E+18,0.103653501,1,3605518537,1.30E+19,19.57534247,7.54460719,0.001331558,36674.19689
taiwan_51_1502,0.1,0.58454895,1502,51,3,48,2,1,1.666666667,0.096137922,6.544209134,391.0270582,375842983.5,1.11E+18,0.103653501,1,3605518537,1.30E+19,19.57534247,7.54460719,0.001331558,39338.26852
taiwan_61_721,0,0.335670471,721,61,3,58,2,1,1.666666667,0.102378379,4.52879538,186.7744851,307269257.9,9.41E+17,0.133467545,1,3631110455,1.32E+19,18.48648649,6.54877485,0.002773925,43227.13043
taiwan_61_721,0.1,0.335670471,721,61,3,58,2,1,1.666666667,0.102378379,4.52879538,186.7744851,307269257.9,9.41E+17,0.133467545,1,3631110455,1.32E+19,18.48648649,6.54877485,0.002773925,43497.57433
bitcoin,0,0.061157227,1000,8,1,7,9,9,9,2.303505759,3.156456835,27.51041706,67540944.5,3.19E+16,0.20025477,0.704462226,472785840,2.24E+17,273,4.175,0.009,67.54333
bitcoin,0.1,0.061157227,1000,8,1,7,9,9,9,2.303505759,3.156456835,27.51041706,67540944.5,3.19E+16,0.20025477,0.704462226,472785840,2.24E+17,273,4.175,0.009,94.018336
bitcoin_0,0,0.305297852,5000,8,1,7,13,13,13,2.325680755,5.687124923,89.82566654,2332554221,3.81E+19,0.114399588,0.447022789,16327878853,2.67E+20,1441,6.71,0.0026,144.355016
bitcoin_0,0.1,0.305297852,5000,8,1,7,13,13,13,2.325680755,5.687124923,89.82566654,2332554221,3.81E+19,0.114399588,0.447022789,16327878853,2.67E+20,1441,6.71,0.0026,158.906302
bitcoin_1,0,0.610473633,10000,8,1,7,17,17,17,2.340622315,6.499489271,132.3904516,1665345412,1.94E+19,0.121266258,0.665124057,11657417216,1.36E+20,2957,4.6675,0.0017,221.870473
bitcoin_1,0.1,0.610473633,10000,8,1,7,17,17,17,2.340622315,6.499489271,132.3904516,1665345412,1.94E+19,0.121266258,0.665124057,11657417216,1.36E+20,2957,4.6675,0.0017,256.232692
bitcoin_2,0,1.220825195,20000,8,1,7,21,21,21,2.369052258,8.458356576,248.0828236,1198611682,1.01E+19,0.122690257,0.680130913,8390281098,7.04E+19,6062,4.43375,0.00105,390.161828
bitcoin_2,0.1,1.220825195,20000,8,1,7,21,21,21,2.369052258,8.458356576,248.0828236,1198611682,1.01E+19,0.122690257,0.680130913,8390281098,7.04E+19,6062,4.43375,0.00105,430.155042
bitcoin_3,0,1.831176758,30000,8,1,7,27,27,27,2.397162855,42.0697555,6216.887902,2368244581,3.93E+19,0.130678457,0.878488018,16577711383,2.75E+20,9107,4.279583333,0.0009,554.975458
bitcoin_3,0.1,1.831176758,30000,8,1,7,27,27,27,2.397162855,42.0697555,6216.887902,2368244581,3.93E+19,0.130678457,0.878488018,16577711383,2.75E+20,9107,4.279583333,0.0009,629.041227
bitcoin_4,0,2.44152832,40000,8,1,7,27,27,27,2.418296533,46.10286442,7799.313079,2067275171,2.99E+19,0.131432959,0.861658361,14470925507,2.09E+20,11862,4.41875,0.000675,771.69946
bitcoin_4,0.1,2.44152832,40000,8,1,7,27,27,27,2.418296533,46.10286442,7799.313079,2067275171,2.99E+19,0.131432959,0.861658361,14470925507,2.09E+20,11862,4.41875,0.000675,820.249544
bitcoin_5,0,3.051879883,50000,8,1,7,29,29,29,2.663695522,35.88540186,5650.111649,3963239582,1.10E+20,0.10947818,0.411713112,27742676428,7.70E+20,12390,7.06425,0.00058,1004.937246
bitcoin_5,0.1,3.051879883,50000,8,1,7,29,29,29,2.663695522,35.88540186,5650.111649,3963239582,1.10E+20,0.10947818,0.411713112,27742676428,7.70E+20,12390,7.06425,0.00058,1021.638429
support2_16_9105,0,1.383928299,5000,8,6,2,30,2,8.5,1.68323166,1.850483824,11.67068884,61542.77833,7573033705,0.097323269,0.194646539,123069.3591,15146067148,2.531073446,1.38,0.0017,163.084641
support2_16_9105,0.1,1.383928299,5000,8,6,2,30,2,8.5,1.68323166,1.850483824,11.67068884,61542.77833,7573033705,0.097323269,0.194646539,123069.3591,15146067148,2.531073446,1.38,0.0017,121.784842
support2_26_1162,0,0.42037487,1162,11,7,4,27,2,7.571428571,1.664242537,1.332619641,3.557721223,45381.38565,8236060164,0.155308812,0.780959532,181505.483,32944240372,2.358381503,4.576748553,0.006515859,161.440905
support2_26_1162,0.1,0.42037487,1162,11,7,4,27,2,7.571428571,1.664242537,1.332619641,3.557721223,45381.38565,8236060164,0.155308812,0.780959532,181505.483,32944240372,2.358381503,4.576748553,0.006515859,118.34693
support2_26_2572,0,0.931120872,2572,11,7,4,28,2,7.714285714,1.636267462,1.412293734,4.361792271,39008.01937,6084927677,0.169547265,0.79818817,156011.8919,24339710426,2.653409091,2.467128517,0.002999333,243.636949
support2_26_2572,0.1,0.931120872,2572,11,7,4,28,2,7.714285714,1.636267462,1.412293734,4.361792271,39008.01937,6084927677,0.169547265,0.79818817,156011.8919,24339710426,2.653409091,2.467128517,0.002999333,171.504437
support2_26_3474,0,1.258381844,3474,11,7,4,29,2,7.857142857,1.633853247,1.515299509,5.418357591,34821.22464,4848659779,0.170707665,0.815696133,139264.636,19394638832,2.743534483,2.512168315,0.002261699,299.976077
support2_26_3474,0.1,1.258381844,3474,11,7,4,29,2,7.857142857,1.633853247,1.515299509,5.418357591,34821.22464,4848659779,0.170707665,0.815696133,139264.636,19394638832,2.743534483,2.512168315,0.002261699,222.819783
support2_32_1021,0,0.416108131,1021,17,8,9,27,2,7.625,1.562047911,2.116759115,14.49500642,19811.49442,3498121070,0.073352258,0.773547989,177433.0112,31482473454,2.251592357,6.890591692,0.007468168,510.78334
support2_32_1021,0.1,0.416108131,1021,17,8,9,27,2,7.625,1.562047911,2.116759115,14.49500642,19811.49442,3498121070,0.073352258,0.773547989,177433.0112,31482473454,2.251592357,6.890591692,0.007468168,497.70933
support2_32_1488,0,0.606692314,1488,17,8,9,28,2,7.75,1.554476417,1.445734569,6.442128406,20336.45072,3674716311,0.070650789,0.774394292,181855.1994,33071313563,2.405034325,11.04522454,0.005208333,648.675373
support2_32_1488,0.1,0.606692314,1488,17,8,9,28,2,7.75,1.554476417,1.445734569,6.442128406,20336.45072,3674716311,0.070650789,0.774394292,181855.1994,33071313563,2.405034325,11.04522454,0.005208333,634.922674
support2_32_2210,0,0.901168823,2210,17,8,9,28,2,7.75,1.562301582,1.607340786,8.274010949,18485.67928,3037283672,0.076385135,0.795200691,165332.0039,27334671523,2.564516129,7.939845622,0.003506787,856.015462
support2_32_2210,0.1,0.901168823,2210,17,8,9,28,2,7.75,1.562301582,1.607340786,8.274010949,18485.67928,3037283672,0.076385135,0.795200691,165332.0039,27334671523,2.564516129,7.939845622,0.003506787,828.392866
support2_36_1173,0,0.513850212,1173,21,8,13,27,2,7.625,1.570193527,1.862794304,9.204428869,14005.58133,2518882253,0.081433859,0.779811742,180954.751,32744621925,2.370689655,10.85129704,0.006500426,1111.192238
support2_36_1173,0.1,0.513850212,1173,21,8,13,27,2,7.625,1.570193527,1.862794304,9.204428869,14005.58133,2518882253,0.081433859,0.779811742,180954.751,32744621925,2.370689655,10.85129704,0.006500426,1085.281923
support2_36_1472,0,0.645122528,1472,21,8,13,28,2,7.75,1.553331645,1.649825399,6.731441473,14146.72402,2565912746,0.080317832,0.773989867,182635.54,33355740459,2.415313225,12.79438406,0.005264946,1311.969845
support2_36_1472,0.1,0.645122528,1472,21,8,13,28,2,7.75,1.553331645,1.649825399,6.731441473,14146.72402,2565912746,0.080317832,0.773989867,182635.54,33355740459,2.415313225,12.79438406,0.005264946,1272.365064
support2_36_2011,0,0.881249428,2011,21,8,13,28,2,7.75,1.565432148,1.75740018,8.086097411,13276.69516,2260011910,0.078398272,0.789073569,171403.5543,29379178411,2.565602837,10.50649996,0.003853804,1653.253532
support2_36_2011,0.1,0.881249428,2011,21,8,13,28,2,7.75,1.565432148,1.75740018,8.086097411,13276.69516,2260011910,0.078398272,0.789073569,171403.5543,29379178411,2.565602837,10.50649996,0.003853804,1627.675195
support2_46_509,0,0.315339088,509,31,14,17,30,1,7.071428571,1.278087909,1.310276882,6.907564122,9808.871045,1631012952,0.103290214,0.774944966,166514.8838,27727206521,2.283870968,5.592197586,0.017145919,2488.968028
support2_46_509,0.1,0.315339088,509,31,14,17,30,1,7.071428571,1.278087909,1.310276882,6.907564122,9808.871045,1631012952,0.103290214,0.774944966,166514.8838,27727206521,2.283870968,5.592197586,0.017145919,2427.481158
support2_46_1045,0,0.647628784,1045,31,11,20,40,2,9.727272727,1.646413852,1.738166826,10.35185573,8882.55926,1558415712,0.08271236,0.776280443,176543.5805,31167635806,2.275862069,7.281987961,0.009308395,4389.360075
support2_46_1045,0.1,0.647628784,1045,31,11,20,40,2,9.727272727,1.646413852,1.738166826,10.35185573,8882.55926,1558415712,0.08271236,0.776280443,176543.5805,31167635806,2.275862069,7.281987961,0.009308395,4091.01477
support2_46_1510,0,0.935767174,1510,31,11,20,47,2,10.45454545,1.665026656,1.469073395,7.218773819,9180.325852,1660402422,0.079212922,0.775756228,182227.5953,33206896492,2.408577878,9.446699423,0.00692354,5960.026653
support2_46_1510,0.1,0.935767174,1510,31,11,20,47,2,10.45454545,1.665026656,1.469073395,7.218773819,9180.325852,1660402422,0.079212922,0.775756228,182227.5953,33206896492,2.408577878,9.446699423,0.00692354,5525.906919
support2_46_2131,0,1.321035385,2131,31,11,20,57,2,11.36363636,1.694355584,1.587064329,8.459777091,8445.585694,1405407899,0.075684137,0.791831217,167652.118,28107232681,2.569514238,7.789770061,0.005332537,8504.861974
support2_46_2131,0.1,1.321035385,2131,31,11,20,57,2,11.36363636,1.694355584,1.587064329,8.459777091,8445.585694,1405407899,0.075684137,0.791831217,167652.118,28107232681,2.569514238,7.789770061,0.005332537,7593.377544
support2_46_3419,0,2.120714188,3419,31,11,20,69,2,12.54545455,1.714710789,1.706828384,10.19504059,7064.803536,980148184.7,0.066666312,0.814179403,140007.1312,19601996781,2.790465632,8.091405712,0.003669334,13295.53387
support2_46_3419,0.1,2.120714188,3419,31,11,20,69,2,12.54545455,1.714710789,1.706828384,10.19504059,7064.803536,980148184.7,0.066666312,0.814179403,140007.1312,19601996781,2.790465632,8.091405712,0.003669334,11754.24438
support2_16_234,0,0.064552307,234,8,6,2,20,2,6.833333333,1.683030761,1.503094581,6.913586171,87284.21067,15234231692,0.14295901,0.28591802,174552.1788,30468463121,3.254545455,1.549145299,0.029202279,60.147695
support2_16_234,0.1,0.064552307,234,8,6,2,20,2,6.833333333,1.683030761,1.503094581,6.913586171,87284.21067,15234231692,0.14295901,0.28591802,174552.1788,30468463121,3.254545455,1.549145299,0.029202279,44.337162
support2_16_521,0,0.143810272,521,8,6,2,26,2,7.833333333,1.676631548,1.614727822,8.243913445,83076.79533,13800837213,0.110482956,0.220965913,166137.5158,27601674167,2.25625,1.103646833,0.015035189,68.969467
support2_16_521,0.1,0.143810272,521,8,6,2,26,2,7.833333333,1.676631548,1.614727822,8.243913445,83076.79533,13800837213,0.110482956,0.220965913,166137.5158,27601674167,2.25625,1.103646833,0.015035189,52.578943
support2_16_769,0,0.212315559,769,8,6,2,27,2,8,1.698301053,1.56512839,7.819369637,83743.04363,14023087222,0.121459746,0.242919493,167469.9202,28046174182,2.244725738,0.991547464,0.010403121,76.175908
support2_16_769,0.1,0.212315559,769,8,6,2,27,2,8,1.698301053,1.56512839,7.819369637,83743.04363,14023087222,0.121459746,0.242919493,167469.9202,28046174182,2.244725738,0.991547464,0.010403121,56.768565
support2_26_553,0,0.199934959,553,11,7,4,26,2,7.428571429,1.636704282,1.521509038,5.386766356,41375.71673,6846192840,0.163226133,0.760873688,165483.4466,27384771090,2.215116279,4.060496466,0.013433221,132.918633
support2_26_553,0.1,0.199934959,553,11,7,4,26,2,7.428571429,1.636704282,1.521509038,5.386766356,41375.71673,6846192840,0.163226133,0.760873688,165483.4466,27384771090,2.215116279,4.060496466,0.013433221,95.076508
support2_26_1599,0,0.578716278,1599,11,7,4,28,2,7.714285714,1.657677211,1.265518911,3.045575592,46298.26421,8572297014,0.152020107,0.775996842,185173.3992,34289187785,2.394904459,4.559667974,0.004824444,189.288652
support2_26_1599,0.1,0.578716278,1599,11,7,4,28,2,7.714285714,1.657677211,1.265518911,3.045575592,46298.26421,8572297014,0.152020107,0.775996842,185173.3992,34289187785,2.394904459,4.559667974,0.004824444,141.878889
support2_26_2122,0,0.768079758,2122,11,7,4,28,2,7.714285714,1.646697113,1.329233366,3.679794552,41990.52442,7051142014,0.166887437,0.79160987,167942.1561,28204567779,2.566386555,2.18490275,0.003635384,222.00054
support2_26_2122,0.1,0.768079758,2122,11,7,4,28,2,7.714285714,1.646697113,1.329233366,3.679794552,41990.52442,7051142014,0.166887437,0.79160987,167942.1561,28204567779,2.566386555,2.18490275,0.003635384,166.741709
support2_32_501,0,0.204031944,501,17,11,6,26,1,5.727272727,1.141818323,0.789774364,3.561193766,26107.73637,4088373478,0.097003981,0.7755369,156621.3286,24530240569,2.232258065,4.662104363,0.01497006,349.100751
support2_32_501,0.1,0.204031944,501,17,11,6,26,1,5.727272727,1.141818323,0.789774364,3.561193766,26107.73637,4088373478,0.097003981,0.7755369,156621.3286,24530240569,2.232258065,4.662104363,0.01497006,281.778418
support2_32_1479,0,0.603067398,1479,17,8,9,28,2,7.75,1.554945329,1.451197084,6.478380851,20383.0005,3691795475,0.070665906,0.774985928,182277.3508,33225032621,2.4,11.01300561,0.005240027,652.454783
support2_32_1479,0.1,0.603067398,1479,17,8,9,28,2,7.75,1.554945329,1.451197084,6.478380851,20383.0005,3691795475,0.070665906,0.774985928,182277.3508,33225032621,2.4,11.01300561,0.005240027,636.258399
support2_32_2000,0,0.815395355,2000,17,8,9,28,2,7.75,1.564572512,1.525231732,7.462239607,19202.82452,3277125117,0.075122077,0.78921351,171735.7099,29493154041,2.571428571,8.408823529,0.003875,806.479259
support2_32_2000,0.1,0.815395355,2000,17,8,9,28,2,7.75,1.564572512,1.525231732,7.462239607,19202.82452,3277125117,0.075122077,0.78921351,171735.7099,29493154041,2.571428571,8.408823529,0.003875,770.253611
support2_32_2345,0,0.956298828,2345,17,8,9,28,2,7.75,1.561703884,1.658427417,8.798783405,18079.85112,2905605911,0.076729403,0.798516957,161708.4458,26149621452,2.613251156,7.723567039,0.003304904,905.119715
support2_32_2345,0.1,0.956298828,2345,17,8,9,28,2,7.75,1.561703884,1.658427417,8.798783405,18079.85112,2905605911,0.076729403,0.798516957,161708.4458,26149621452,2.613251156,7.723567039,0.003304904,865.236857
support2_36_584,0,0.255748749,584,21,11,10,26,1,5.727272727,1.128545371,1.379626426,5.739687943,17198.01917,2953015819,0.099848056,0.757996043,171843.3801,29530147291,2.191256831,6.76369863,0.012842466,735.193419
support2_36_584,0.1,0.255748749,584,21,11,10,26,1,5.727272727,1.128545371,1.379626426,5.739687943,17198.01917,2953015819,0.099848056,0.757996043,171843.3801,29530147291,2.191256831,6.76369863,0.012842466,615.497397
support2_36_1399,0,0.613127708,1399,21,8,13,28,2,7.75,1.558265186,1.69209736,7.289885049,14234.34439,2598618140,0.079893776,0.774199475,183795.9344,33780945509,2.412195122,12.40001362,0.005539671,1262.207128
support2_36_1399,0.1,0.613127708,1399,21,8,13,28,2,7.75,1.558265186,1.69209736,7.289885049,14234.34439,2598618140,0.079893776,0.774199475,183795.9344,33780945509,2.412195122,12.40001362,0.005539671,1238.575972
support2_36_2074,0,0.908840179,2074,21,8,13,28,2,7.75,1.568214715,1.776650993,8.26669085,13124.30964,2208483507,0.077923208,0.79012862,169438.3011,28709337874,2.557461407,10.38710566,0.003736741,1703.320837
support2_36_2074,0.1,0.908840179,2074,21,8,13,28,2,7.75,1.568214715,1.776650993,8.26669085,13124.30964,2208483507,0.077923208,0.79012862,169438.3011,28709337874,2.557461407,10.38710566,0.003736741,1662.333536
support2_36_2284,0,1.001217842,2284,21,8,13,28,2,7.75,1.56021315,1.847966019,8.935657225,12651.07029,2052219682,0.077160328,0.796779486,163333.991,26677992617,2.579937304,10.02001501,0.00339317,1837.022478
support2_36_2284,0.1,1.001217842,2284,21,8,13,28,2,7.75,1.56021315,1.847966019,8.935657225,12651.07029,2052219682,0.077160328,0.796779486,163333.991,26677992617,2.579937304,10.02001501,0.00339317,1805.554292
support2_46_4095,0,2.539883614,4095,31,11,20,74,2,13.09090909,1.721847747,1.760598143,10.94934384,6640.715295,866149824.9,0.064829121,0.833914925,131613.7771,17322186324,2.620689655,7.491433298,0.003196803,15710.43649
support2_46_4095,0.1,2.539883614,4095,31,11,20,74,2,13.09090909,1.721847747,1.760598143,10.94934384,6640.715295,866149824.9,0.064829121,0.833914925,131613.7771,17322186324,2.620689655,7.491433298,0.003196803,13973.69905
support2_46_5531,0,3.102107048,5000,31,11,20,76,2,13.27272727,1.723907626,2.222557393,31.34754063,6218.060472,757351927.5,0.061030682,0.853371012,123069.3591,15146067148,2.531073446,8.678709677,0.002654545,17604.97983
support2_46_5531,0.1,3.102107048,5000,31,11,20,76,2,13.27272727,1.723907626,2.222557393,31.34754063,6218.060472,757351927.5,0.061030682,0.853371012,123069.3591,15146067148,2.531073446,8.678709677,0.002654545,16654.22419
taiwan_16_1246,0,0.15222168,1246,16,2,14,2,1,1.5,0.139251659,6.825040101,439.7471051,0.021779649,0.000549936,0.112666422,0.977853811,0.037086795,0.00137543,19.76666667,9.406099518,0.001605136,462.643418
taiwan_16_1246,0.1,0.15222168,1246,16,2,14,2,1,1.5,0.139251659,6.825040101,439.7471051,0.021779649,0.000549936,0.112666422,0.977853811,0.037086795,0.00137543,19.76666667,9.406099518,0.001605136,488.06075
taiwan_16_2500,0,0.305297852,2500,16,2,14,2,1,1.5,0.16372246,8.095138674,505.7299942,25544508.02,9.14E+15,0.088957042,0.973217357,357623111.9,1.28E+17,15.66666667,10.38933333,0.0008,742.632031
taiwan_16_2500,0.1,0.305297852,2500,16,2,14,2,1,1.5,0.16372246,8.095138674,505.7299942,25544508.02,9.14E+15,0.088957042,0.973217357,357623111.9,1.28E+17,15.66666667,10.38933333,0.0008,782.809882
taiwan_16_3012,0,0.367797852,3012,16,2,14,2,1,1.5,0.153184335,7.805926154,511.1859937,25192781.94,8.89E+15,0.085753509,0.973378423,352698946.8,1.24E+17,17.25454545,10.51128818,0.000664011,860.042763
taiwan_16_3012,0.1,0.367797852,3012,16,2,14,2,1,1.5,0.153184335,7.805926154,511.1859937,25192781.94,8.89E+15,0.085753509,0.973378423,352698946.8,1.24E+17,17.25454545,10.51128818,0.000664011,901.346245
taiwan_16_4011,0,0.489746094,4011,16,2,14,2,1,1.5,0.131008435,8.222032581,596.043812,28665406.03,1.15E+16,0.094324829,0.972793622,401315684,1.61E+17,21.53370787,10.51774287,0.000498629,1088.416433
taiwan_16_4011,0.1,0.489746094,4011,16,2,14,2,1,1.5,0.131008435,8.222032581,596.043812,28665406.03,1.15E+16,0.094324829,0.972793622,401315684,1.61E+17,21.53370787,10.51774287,0.000498629,1126.91805
taiwan_26_743,0,0.147506714,743,26,3,23,2,1,1.666666667,0.100105084,2.120950914,211.8614362,424121806.3,1.40E+18,0.102025537,0.985667024,3603646558,1.30E+19,19.08108108,7.488559892,0.00269179,1717.290353
taiwan_26_743,0.1,0.147506714,743,26,3,23,2,1,1.666666667,0.100105084,2.120950914,211.8614362,424121806.3,1.40E+18,0.102025537,0.985667024,3603646558,1.30E+19,19.08108108,7.488559892,0.00269179,1710.053609
taiwan_26_1272,0,0.252441406,1272,26,3,23,2,1,1.666666667,0.095630387,2.232433445,337.6533429,421430306.2,1.38E+18,0.096610647,0.977351976,3618545421,1.31E+19,19.85245902,8.399371069,0.001572327,2542.819405
taiwan_26_1272,0.1,0.252441406,1272,26,3,23,2,1,1.666666667,0.095630387,2.232433445,337.6533429,421430306.2,1.38E+18,0.096610647,0.977351976,3618545421,1.31E+19,19.85245902,8.399371069,0.001572327,2551.645912
taiwan_26_1999,0,0.396652222,1999,26,3,23,2,1,1.666666667,0.106501285,1.909545069,371.2514437,431662979,1.35E+18,0.087778768,0.955236024,3582880223,1.28E+19,17.50925926,9.018509255,0.0010005,3633.134182
taiwan_26_1999,0.1,0.396652222,1999,26,3,23,2,1,1.666666667,0.106501285,1.909545069,371.2514437,431662979,1.35E+18,0.087778768,0.955236024,3582880223,1.28E+19,17.50925926,9.018509255,0.0010005,3687.172226
taiwan_26_3256,0,0.645996094,3256,26,3,23,2,1,1.666666667,0.104608947,2.632803761,729.0242142,427380757.6,1.28E+18,0.072254452,0.973164923,3516012663,1.24E+19,18.26627219,9.405405405,0.000614251,5626.517439
taiwan_26_3256,0.1,0.645996094,3256,26,3,23,2,1,1.666666667,0.104608947,2.632803761,729.0242142,427380757.6,1.28E+18,0.072254452,0.973164923,3516012663,1.24E+19,18.26627219,9.405405405,0.000614251,5690.916764
taiwan_26_4011,0,0.795761108,4011,26,3,23,2,1,1.666666667,0.092737311,3.694984532,884.4326806,419752769.9,1.22E+18,0.073533268,0.972793622,3435043625,1.18E+19,21.53370787,9.264522563,0.000498629,6787.28584
taiwan_26_4011,0.1,0.795761108,4011,26,3,23,2,1,1.666666667,0.092737311,3.694984532,884.4326806,419752769.9,1.22E+18,0.073533268,0.972793622,3435043625,1.18E+19,21.53370787,9.264522563,0.000498629,6853.205158
taiwan_30_793,0,0.181625366,793,30,3,27,2,1,1.666666667,0.097151674,2.518846773,198.2868548,383612507.3,1.21E+18,0.107543907,0.985213366,3573609681,1.28E+19,19.86842105,7.448797669,0.002522068,3026.541283
taiwan_30_793,0.1,0.181625366,793,30,3,27,2,1,1.666666667,0.097151674,2.518846773,198.2868548,383612507.3,1.21E+18,0.107543907,0.985213366,3573609681,1.28E+19,19.86842105,7.448797669,0.002522068,3049.326664
taiwan_30_1592,0,0.364501953,1592,30,3,27,2,1,1.666666667,0.093860283,3.134957078,386.5217719,386839802.6,1.18E+18,0.094120514,0.972837871,3601202700,1.30E+19,20.22666667,8.566539595,0.001256281,5189.199412
taiwan_30_1592,0.1,0.364501953,1592,30,3,27,2,1,1.666666667,0.093860283,3.134957078,386.5217719,386839802.6,1.18E+18,0.094120514,0.972837871,3601202700,1.30E+19,20.22666667,8.566539595,0.001256281,5217.963583
taiwan_30_2386,0,0.546234131,2386,30,3,27,2,1,1.666666667,0.116124206,8.474934569,542.0502281,388081733.8,1.12E+18,0.080117579,0.956561375,3554331723,1.26E+19,15.45517241,8.942971934,0.000838223,7290.600354
taiwan_30_2386,0.1,0.546234131,2386,30,3,27,2,1,1.666666667,0.116124206,8.474934569,542.0502281,388081733.8,1.12E+18,0.080117579,0.956561375,3554331723,1.26E+19,15.45517241,8.942971934,0.000838223,7366.503781
taiwan_30_3257,0,0.74559021,3257,30,3,27,2,1,1.666666667,0.10458497,2.797812755,660.2373689,387333255.3,1.10E+18,0.073884969,0.973165493,3515800029,1.24E+19,18.27218935,9.268101596,0.000614062,9787.731456
taiwan_30_3257,0.1,0.74559021,3257,30,3,27,2,1,1.666666667,0.10458497,2.797812755,660.2373689,387333255.3,1.10E+18,0.073884969,0.973165493,3515800029,1.24E+19,18.27218935,9.268101596,0.000614062,9815.414741
dropout_15_1142,0,0.130813599,1142,15,5,10,17,2,7.4,1.345920564,1.068660322,11.33703326,4.250609222,33.34020881,0.118759655,0.777250632,14.59866062,213.120892,3.272251309,4.559252773,0.007661996,334.233642
dropout_15_1142,0.1,0.130813599,1142,15,5,10,17,2,7.4,1.345920564,1.068660322,11.33703326,4.250609222,33.34020881,0.118759655,0.777250632,14.59866062,213.120892,3.272251309,4.559252773,0.007661996,321.160607
dropout_15_2510,0,0.287368774,2510,15,5,10,17,2,9,1.416451601,0.96246701,7.737048167,4.364380073,34.52123215,0.118240669,0.771881895,14.74080354,217.2912889,2.885650224,3.569721116,0.004282869,576.596885
dropout_15_2510,0.1,0.287368774,2510,15,5,10,17,2,9,1.416451601,0.96246701,7.737048167,4.364380073,34.52123215,0.118240669,0.771881895,14.74080354,217.2912889,2.885650224,3.569721116,0.004282869,567.214567
dropout_15_3617,0,0.414054871,3617,15,5,10,19,2,9.4,1.427166842,0.970545508,7.242965454,4.383384,34.72584467,0.115760404,0.763824908,14.70196878,216.1478859,2.755319149,3.347156944,0.003110312,771.837764
dropout_15_3617,0.1,0.414054871,3617,15,5,10,19,2,9.4,1.427166842,0.970545508,7.242965454,4.383384,34.72584467,0.115760404,0.763824908,14.70196878,216.1478859,2.755319149,3.347156944,0.003110312,734.011365
dropout_15_4424,0,0.506408691,4424,15,5,10,21,2,9.8,1.42760128,1.004088718,7.867973373,4.350956067,33.86819013,0.113514332,0.760804176,14.48200082,209.7283477,2.782115869,3.327305606,0.002655967,913.251828
dropout_15_4424,0.1,0.506408691,4424,15,5,10,21,2,9.8,1.42760128,1.004088718,7.867973373,4.350956067,33.86819013,0.113514332,0.760804176,14.48200082,209.7283477,2.782115869,3.327305606,0.002655967,886.981047
dropout_20_1142,0,0.174377441,1142,20,5,15,17,2,7.4,1.345920564,1.718057513,19.67520962,3.749330279,25.43255656,0.189280719,0.895082598,14.59866062,213.120892,3.272251309,5.280210158,0.007661996,890.05102
dropout_20_1142,0.1,0.174377441,1142,20,5,15,17,2,7.4,1.345920564,1.718057513,19.67520962,3.749330279,25.43255656,0.189280719,0.895082598,14.59866062,213.120892,3.272251309,5.280210158,0.007661996,885.00182
dropout_20_2510,0,0.383117676,2510,20,5,15,17,2,9,1.416451601,1.532133235,13.72304394,3.879850282,26.62029522,0.189373676,0.902251118,14.74080354,217.2912889,2.885650224,4.782868526,0.004282869,1615.613249
dropout_20_2510,0.1,0.383117676,2510,20,5,15,17,2,9,1.416451601,1.532133235,13.72304394,3.879850282,26.62029522,0.189373676,0.902251118,14.74080354,217.2912889,2.885650224,4.782868526,0.004282869,1650.325474
dropout_20_3617,0,0.552032471,3617,20,5,15,19,2,9.4,1.427166842,1.50096612,12.60151957,3.903960403,26.80673648,0.18828777,0.904585796,14.70196878,216.1478859,2.755319149,4.653027371,0.003110312,2221.604461
dropout_20_3617,0.1,0.552032471,3617,20,5,15,19,2,9.4,1.427166842,1.50096612,12.60151957,3.903960403,26.80673648,0.18828777,0.904585796,14.70196878,216.1478859,2.755319149,4.653027371,0.003110312,2248.092942
dropout_20_4424,0,0.675170898,4424,20,5,15,21,2,9.8,1.42760128,1.537190886,13.49589159,3.882399595,26.22268953,0.186397043,0.904002101,14.48200082,209.7283477,2.782115869,4.629294756,0.002655967,2671.377854
dropout_20_4424,0.1,0.675170898,4424,20,5,15,21,2,9.8,1.42760128,1.537190886,13.49589159,3.882399595,26.22268953,0.186397043,0.904002101,14.48200082,209.7283477,2.782115869,4.629294756,0.002655967,2698.24409
dropout_25_1142,0,0.217941284,1142,25,8,17,17,2,5.375,1.023829897,1.878696203,19.34106662,3.566049577,23.00564686,0.220353141,0.939413512,14.59866062,213.120892,3.272251309,5.516637478,0.007661996,1980.37752
dropout_25_1142,0.1,0.217941284,1142,25,8,17,17,2,5.375,1.023829897,1.878696203,19.34106662,3.566049577,23.00564686,0.220353141,0.939413512,14.59866062,213.120892,3.272251309,5.516637478,0.007661996,1931.5505
dropout_25_2510,0,0.478866577,2510,25,8,17,17,2,6.375,1.073147385,1.69157913,13.87076131,3.695153464,24.11732353,0.221231696,0.935445523,14.74080354,217.2912889,2.885650224,6.275697211,0.004282869,3739.515157
dropout_25_2510,0.1,0.478866577,2510,25,8,17,17,2,6.375,1.073147385,1.69157913,13.87076131,3.695153464,24.11732353,0.221231696,0.935445523,14.74080354,217.2912889,2.885650224,6.275697211,0.004282869,3709.78575
dropout_25_3617,0,0.690010071,3617,25,8,17,19,2,6.625,1.079018288,1.658577055,12.73672309,3.726215716,24.32727169,0.221211027,0.940294808,14.70196878,216.1478859,2.755319149,6.184130495,0.003110312,5217.010637
dropout_25_3617,0.1,0.690010071,3617,25,8,17,19,2,6.625,1.079018288,1.658577055,12.73672309,3.726215716,24.32727169,0.221211027,0.940294808,14.70196878,216.1478859,2.755319149,6.184130495,0.003110312,5200.976649
dropout_25_4424,0,0.843933105,4424,25,8,17,21,2,6.875,1.080274661,1.696820763,13.56364798,3.710392866,23.82727166,0.220141742,0.944811037,14.48200082,209.7283477,2.782115869,6.179023508,0.002655967,6280.731049
dropout_25_4424,0.1,0.843933105,4424,25,8,17,21,2,6.875,1.080274661,1.696820763,13.56364798,3.710392866,23.82727166,0.220141742,0.944811037,14.48200082,209.7283477,2.782115869,6.179023508,0.002655967,6238.258525
dropout_30_2510,0,0.574615479,2510,30,11,19,17,2,5.181818182,0.926780927,2.093568111,15.68950954,6.038237843,92.53861968,0.187575147,0.935445523,26.65151967,710.3035009,2.885650224,5.917662683,0.004282869,7515.246971
dropout_30_2510,0.1,0.574615479,2510,30,11,19,17,2,5.181818182,0.926780927,2.093568111,15.68950954,6.038237843,92.53861968,0.187575147,0.935445523,26.65151967,710.3035009,2.885650224,5.917662683,0.004282869,7520.636069
dropout_30_3617,0,0.827987671,3617,30,11,19,19,2,5.363636364,0.930123704,2.046328456,14.46549142,6.110233747,95.0174165,0.187459951,0.940294808,26.89913192,723.5632982,2.755319149,5.843701041,0.003110312,10553.21626
dropout_30_3617,0.1,0.827987671,3617,30,11,19,19,2,5.363636364,0.930123704,2.046328456,14.46549142,6.110233747,95.0174165,0.187459951,0.940294808,26.89913192,723.5632982,2.755319149,5.843701041,0.003110312,10548.05901
dropout_30_4424,0,1.012695313,4424,30,11,19,21,2,5.545454545,0.930651501,2.083176484,15.2492398,6.039893256,91.64257406,0.186591501,0.944811037,26.41825291,697.9240866,2.782115869,5.837100663,0.002655967,12762.85089
dropout_30_4424,0.1,1.012695313,4424,30,11,19,21,2,5.545454545,0.930651501,2.083176484,15.2492398,6.039893256,91.64257406,0.186591501,0.944811037,26.41825291,697.9240866,2.782115869,5.837100663,0.002655967,12768.03834
recipes,0,2.656750679,18180,10,2,8,100,3,51.5,3.374889339,9.815671418,291.6507395,686625.3483,3.74E+12,0.088646781,0.373248326,5468987.615,2.99E+13,87.85858586,7.947194719,0.002832783,2551.18912
recipes,0.1,2.656750679,18180,10,2,8,100,3,51.5,3.374889339,9.815671418,291.6507395,686625.3483,3.74E+12,0.088646781,0.373248326,5468987.615,2.99E+13,87.85858586,7.947194719,0.002832783,1671.805631
default_credit ,0,0.82409668,4500,24,4,20,7,2,3.75,1.100335044,5.622401473,118.3159104,31542.33729,2282203760,0.186971499,0.952237142,130467.482,17021763869,3.545454545,7.498148148,0.000962963,5394.574331
default_credit ,0.1,0.82409668,4500,24,4,20,7,2,3.75,1.100335044,5.622401473,118.3159104,31542.33729,2282203760,0.186971499,0.952237142,130467.482,17021763869,3.545454545,7.498148148,0.000962963,5451.237669
student-por,0,0.711771011,649,33,20,13,17,2,3.9,1.208785874,0.664939829,1.307526027,1.315602554,2.701176622,0.094101756,0.647476609,4.640758808,21.53664232,5.49,1.414763973,0.006009245,3575.644242
student-por,0.1,0.711771011,649,33,20,13,17,2,3.9,1.208785874,0.664939829,1.307526027,1.315602554,2.701176622,0.094101756,0.647476609,4.640758808,21.53664232,5.49,1.414763973,0.006009245,3429.371356
