dataset_name,epsilon,size_mb,num_records,num_attributes,num_categorical_attributes,num_continuous_attributes,max_categorical_unique,min_categorical_unique,mean_categorical_unique,entropy,skewness,kurtosis,mean_std_dev,mean_variance,mean_continuous_correlation,max_continuous_correlation,max_std_dev,max_variance,imbalance_ratio,outlier_percentage,avg_cat_uniqueness_ratio,singling_out_risk,linkability_risk,inference_risk,energy_knn,accuracy_knn,k-values,energy_logres,accuracy_logres
autism,0,0.255169868,702,20,18,2,67,2,6.388888889,1.158370778,7.265363524,149.2809285,9.50275804,139.3683301,0.00493373,0.009867459,16.50746501,272.4964012,2.714285714,1.282051282,0.025356125,0.370325342,0.033421645,0.106338308,0.056162,0.929078014,12,0.855003,0.95035461
autism,0.1,0.255169868,702,20,18,2,67,2,6.388888889,1.158370778,7.265363524,149.2809285,9.50275804,139.3683301,0.00493373,0.009867459,16.50746501,272.4964012,2.714285714,1.282051282,0.025356125,0.009229126,0,0.111792531,0.063248,0.858156028,12,0.809887,0.780141844
german,0,0.811710358,1000,21,15,6,10,2,3.866666667,1.342941031,0.75553486,0.803444831,474.828541,1328020.182,0.098305999,0.624984198,2822.736876,7967843.471,2.333333333,1.552380952,0.004,0.152331561,0,0.082529092,0.060566,0.705,14,0.530876,0.7
german,0.1,0.811710358,1000,21,15,6,10,2,3.866666667,1.342941031,0.75553486,0.803444831,474.828541,1328020.182,0.098305999,0.624984198,2822.736876,7967843.471,2.333333333,1.552380952,0.004,0.055235257,0,0.015951489,0.059161,0.745,14,0.382742,0.835
nursery,0,6.522705078,12960,9,9,0,5,2,3.555555556,1.708697111,0,0,0,0,0,0,0,0,2160,0,0.000274348,0,0,0.011580837,0.062457,0.880401235,51,8.302636,0.884645062
nursery,0.1,6.522705078,12960,9,9,0,5,2,3.555555556,1.708697111,0,0,0,0,0,0,0,0,2160,0,0.000274348,0,0,0.003169523,0.062397,0.802469136,51,4.866768,0.77507716
obesity,0,1.308423996,2111,18,9,9,7,2,3.333333333,0.926128415,0.138943104,-0.21419693,4.218552596,81.38095401,0.111167135,0.463136117,26.19117175,685.9774774,1.290441176,1.971156377,0.001752724,0,0,0.076732744,0.062182,0.992907801,21,1.723753,1
obesity,0.1,1.308423996,2111,18,9,9,7,2,3.333333333,0.926128415,0.138943104,-0.21419693,4.218552596,81.38095401,0.111167135,0.463136117,26.19117175,685.9774774,1.290441176,1.971156377,0.001752724,0,0,0.024098647,0.059039,0.191489362,21,1.887014,0.21749409
productivity_garment,0,0.195400238,691,16,6,10,30,1,7.833333333,1.990383885,3.234025209,42.65631979,477.1045144,1158284.21,0.125192632,0.57750386,2864.505604,8205392.355,1.494584838,4.070188133,0.011336228,0,0,0.059302356,0.061115,0.654676259,12,1.161171,0.899280576
productivity_garment,0.1,0.195400238,691,16,6,10,30,1,7.833333333,1.990383885,3.234025209,42.65631979,477.1045144,1158284.21,0.125192632,0.57750386,2864.505604,8205392.355,1.494584838,4.070188133,0.011336228,0,0,0.015853391,0.057817,0.697841727,12,0.403618,0.726618705
Adult_v2,0,24.65984535,45221,13,9,4,40,2,11,1.667646699,4.294931845,43.14233502,1984.143791,14127981.18,0.051411878,0.101991673,7506.511295,56347711.83,3.034707352,3.078385978,0.00024325,0,0,0.004099716,0.853337,0.817025981,95,15.178746,0.835931454
Adult_v2,0.1,24.65984535,45221,13,9,4,40,2,11,1.667646699,4.294931845,43.14233502,1984.143791,14127981.18,0.051411878,0.101991673,7506.511295,56347711.83,3.034707352,3.078385978,0.00024325,0,0,0.049065597,0.767336,0.789718076,95,6.807789,0.745273632
student-por,0,0.711771011,649,33,20,13,17,2,3.9,1.208785874,0.664939829,1.307526027,1.315602554,2.701176622,0.094101756,0.647476609,4.640758808,21.53664232,5.49,1.414763973,0.006009245,0.214159735,0,0.079063705,0.089656,0.784615385,11,0.882935,0.9
student-por,0.1,0.711771011,649,33,20,13,17,2,3.9,1.208785874,0.664939829,1.307526027,1.315602554,2.701176622,0.094101756,0.647476609,4.640758808,21.53664232,5.49,1.414763973,0.006009245,0.020815883,0,0.051985948,0.061562,0.930769231,11,0.598834,0.846153846
abalone,0,0.700719833,4177,9,2,7,3,3,3,1.400985654,0.620368776,11.03315324,0.174618389,0.049594567,0.764034156,0.986811585,0.490389018,0.240481389,9.61302682,0.734179235,0.000718219,0,0,0.038254166,0.146345,0.777511962,29,0.86026,0.772727273
abalone,0.1,0.700719833,4177,9,2,7,3,3,3,1.400985654,0.620368776,11.03315324,0.174618389,0.049594567,0.764034156,0.986811585,0.490389018,0.240481389,9.61302682,0.734179235,0.000718219,0,0,0,0.144452,0.344497608,29,0.298813,0.36722488
bank,0,2.734223366,4521,18,12,6,31,2,6.583333333,1.564516797,3.901883519,33.07426136,564.1103178,1522588.195,0.055544675,0.576860824,3009.638142,9057921.749,7.677543186,4.472953378,0.00154833,0.086867447,0,0.011371747,0.106216,0.875138122,30,1.709619,0.871823204
bank,0.1,2.734223366,4521,18,12,6,31,2,6.583333333,1.564516797,3.901883519,33.07426136,564.1103178,1522588.195,0.055544675,0.576860824,3009.638142,9057921.749,7.677543186,4.472953378,0.00154833,0.01195837,0,0.032440259,0.087733,0.722651934,30,0.677394,0.708287293
bank-full,0,27.33893299,45211,18,12,6,31,2,6.583333333,1.569887916,10.25938313,785.3860915,569.6844134,1557834.293,0.04730394,0.454288021,3044.765829,9270598.954,7.548118737,4.458846053,0.00015483,0,0,0.015139738,0.589026,0.884441004,95,9.347002,0.894504036
bank-full,0.1,27.33893299,45211,18,12,6,31,2,6.583333333,1.569887916,10.25938313,785.3860915,569.6844134,1557834.293,0.04730394,0.454288021,3044.765829,9270598.954,7.548118737,4.458846053,0.00015483,0,0,0.031845229,0.630912,0.657414575,95,5.204069,0.650669026
Adult_test_v2 ,0,8.212572098,15060,13,9,4,40,2,11,1.668266892,4.240627043,41.43951841,2033.727149,14876100.28,0.098906805,0.227468711,7703.181842,59339010.5,3.07027027,3.048319542,0.000730412,0,0,0.009892173,0.255002,0.817065073,55,3.372974,0.834329349
Adult_test_v2 ,0.1,8.212572098,15060,13,9,4,40,2,11,1.668266892,4.240627043,41.43951841,2033.727149,14876100.28,0.098906805,0.227468711,7703.181842,59339010.5,3.07027027,3.048319542,0.000730412,0,0,0.064978091,0.214253,0.772576361,55,1.912592,0.714475432
Adult_train_v2,0,16.44739532,30161,13,9,4,40,2,11,1.667127458,4.322939457,44.05334522,1958.925736,13754844.44,0.050891565,0.101597911,7406.466611,54855747.65,3.017181673,3.082431974,0.000364709,0,0,0.004757787,0.56659,0.817337974,78,10.613227,0.837394331
Adult_train_v2,0.1,16.44739532,30161,13,9,4,40,2,11,1.667127458,4.322939457,44.05334522,1958.925736,13754844.44,0.050891565,0.101597911,7406.466611,54855747.65,3.017181673,3.082431974,0.000364709,0,0,0.047441841,0.402178,0.782695177,78,4.558338,0.746726338
catheterization,0,0.864162445,1000,61,33,28,9,1,2.545454545,0.739826865,0.634967304,3.513395828,141.0118999,118160.4585,0.078625198,0.998710196,1482.46258,2197695.302,1.732240437,4.766666667,0.004111111,0,0,0.069750183,0.091152,0.59,14,2.850085,0.67
catheterization,0.1,0.864162445,1000,61,33,28,9,1,2.545454545,0.739826865,0.634967304,3.513395828,141.0118999,118160.4585,0.078625198,0.998710196,1482.46258,2197695.302,1.732240437,4.766666667,0.004111111,0.023854547,0,0.032003564,0.092191,0.55,14,0.460637,0.515
coupons,0,2.360204697,2000,26,26,0,19,1,4.192307692,1.449171809,0,0,0,0,0,0,0,0,1.5,1.076,0.002526316,0,0,0.05746662,0.061635,0.6475,20,1.146843,0.6625
coupons,0.1,2.360204697,2000,26,26,0,19,1,4.192307692,1.449171809,0,0,0,0,0,0,0,0,1.5,1.076,0.002526316,0,0,0.028458815,0.064256,0.7575,20,0.969163,0.8025
default_credit ,0,0.82409668,4500,24,4,20,7,2,3.75,1.100335044,5.622401473,118.3159104,31542.33729,2282203760,0.186971499,0.952237142,130467.482,17021763869,3.545454545,7.498148148,0.000962963,0.047997911,0,0.05104477,0.0825,0.787777778,30,1.589261,0.783333333
default_credit ,0.1,0.82409668,4500,24,4,20,7,2,3.75,1.100335044,5.622401473,118.3159104,31542.33729,2282203760,0.186971499,0.952237142,130467.482,17021763869,3.545454545,7.498148148,0.000962963,0.0054969,0,0.001167377,0.058153,0.5,30,0.499585,0.536666667
support2_3,0,0.923985481,5000,16,3,13,8,2,5,1.158559206,2.542934485,42.00912286,91.3433074,74532.31672,0.054075037,0.853371012,977.0833876,954691.9463,2.531073446,14.8775,0.001,0,0,0.037267789,0.059621,0.724,32,0.749104,0.736
support2_3,0.1,0.923985481,5000,16,3,13,8,2,5,1.158559206,2.542934485,42.00912286,91.3433074,74532.31672,0.054075037,0.853371012,977.0833876,954691.9463,2.531073446,14.8775,0.001,0,0.004977087,0.023298881,0.06017,0.602,32,0.469609,0.58
taiwan_bankrupt_3,0,0.137451172,500,36,3,33,2,1,1.666666667,0.118715869,2.474160419,155.4954158,308558820.3,9.83E+17,0.125167302,1,3820137512,1.46E+19,15.12903226,7.542857143,0.004,0,0,0.10112038,0.030922,0.95,10,0.71903,0.95
taiwan_bankrupt_3,0.1,0.137451172,500,36,3,33,2,1,1.666666667,0.118715869,2.474160419,155.4954158,308558820.3,9.83E+17,0.125167302,1,3820137512,1.46E+19,15.12903226,7.542857143,0.004,0,0,0.08317111,0.028786,0.5,10,0.519286,0.52
indian,0,0.078246117,579,11,2,9,2,2,2,0.830077355,3.277891005,29.83866934,82.67326792,19689.23906,0.184233363,0.874480969,289.8500344,84013.04242,2.509090909,6.123410268,0.003454231,0.040127236,0,0.028856421,0.05698,0.689655172,11,0.118737,0.706896552
indian,0.1,0.078246117,579,11,2,9,2,2,2,0.830077355,3.277891005,29.83866934,82.67326792,19689.23906,0.184233363,0.874480969,289.8500344,84013.04242,2.509090909,6.123410268,0.003454231,0,0,0.005015905,0.061512,0.534482759,11,0.129549,0.586206897
recipes,0,2.656750679,18180,10,2,8,100,3,51.5,3.374889339,9.815671418,291.6507395,686625.3483,3.74E+12,0.088646781,0.373248326,5468987.615,2.99E+13,87.85858586,7.947194719,0.002832783,0.004115674,0,0.005019512,0.400297,0.959845985,60,7.209074,0.966446645
recipes,0.1,2.656750679,18180,10,2,8,100,3,51.5,3.374889339,9.815671418,291.6507395,686625.3483,3.74E+12,0.088646781,0.373248326,5468987.615,2.99E+13,87.85858586,7.947194719,0.002832783,0,0,0.09938646,0.285402,0.402640264,60,7.909616,0.418866887
support2_2,0,1.832741737,5000,26,8,18,76,2,12.625,1.327790397,2.2638989,33.53385749,70.86959921,53952.24542,0.055364812,0.853371012,977.0833876,954691.9463,2.531073446,10.75,0.003233333,0.004952439,0,0.032558227,0.104506,0.895,32,1.274827,0.903
support2_2,0.1,1.832741737,5000,26,8,18,76,2,12.625,1.327790397,2.2638989,33.53385749,70.86959921,53952.24542,0.055364812,0.853371012,977.0833876,954691.9463,2.531073446,10.75,0.003233333,0,0,0.051794127,0.123028,0.475,32,0.799093,0.486
taiwan_bankrupt_2,0,0.099304199,500,26,3,23,2,1,1.666666667,0.118715869,2.289524984,161.69437,421934880.8,1.40E+18,0.107945889,0.989504729,3820137512,1.46E+19,15.12903226,7.888,0.004,0,0,0.07895424,0.059954,0.95,10,1.784024,0.95
taiwan_bankrupt_2,0.1,0.099304199,500,26,3,23,2,1,1.666666667,0.118715869,2.289524984,161.69437,421934880.8,1.40E+18,0.107945889,0.989504729,3820137512,1.46E+19,15.12903226,7.888,0.004,0,0,0.081018963,0.028968,0.6,10,0.311834,0.57
catheterization_1,0,0.681751251,1000,41,19,22,9,1,2.736842105,0.853591219,0.902170665,4.674723088,106.881861,112475.9703,0.070555176,0.534757258,1482.46258,2197695.302,1.732240437,3.9775,0.003875,0.095418187,0,0.093060268,0.060228,0.625,14,1.776923,0.66
catheterization_1,0.1,0.681751251,1000,41,19,22,9,1,2.736842105,0.853591219,0.902170665,4.674723088,106.881861,112475.9703,0.070555176,0.534757258,1482.46258,2197695.302,1.732240437,3.9775,0.003875,0,0,0.029805175,0.059558,0.595,14,0.343893,0.575
catheterization_2,0,0.477804184,1000,21,16,5,9,1,2.875,0.862092938,0.95248479,3.474430798,401.9887303,490838.5711,0.036558113,0.137330776,1482.46258,2197695.302,1.732240437,4.285,0.004142857,0.176605637,0.023854547,0.14605145,0.060322,0.565,14,0.296123,0.615
catheterization_2,0.1,0.477804184,1000,21,16,5,9,1,2.875,0.862092938,0.95248479,3.474430798,401.9887303,490838.5711,0.036558113,0.137330776,1482.46258,2197695.302,1.732240437,4.285,0.004142857,0.079509333,0,0.08379575,0.074604,0.945,14,0.601681,0.925
catheterization_3,0,0.758045197,1000,51,26,25,9,1,2.538461538,0.767950102,0.732110181,4.097554252,94.66888388,98983.83574,0.076106321,0.534757258,1482.46258,2197695.302,1.732240437,4.178,0.003875,0.023854547,0,0.085637318,0.091704,0.69,14,2.404242,0.705
catheterization_3,0.1,0.758045197,1000,51,26,25,9,1,2.538461538,0.767950102,0.732110181,4.097554252,94.66888388,98983.83574,0.076106321,0.534757258,1482.46258,2197695.302,1.732240437,4.178,0.003875,0,0,0.050840199,0.058215,0.56,14,0.336661,0.58
bank-full_2,0,12.58824444,35000,13,7,6,12,2,3.857142857,1.047429312,16.29242968,1761.540528,545.742626,1444407.551,0.045093404,0.401571694,2931.491768,8593643.983,13.81795089,4.210549451,0.000119048,0.157386684,0,0.001125741,0.161665,0.928428571,84,2.358849,0.932285714
bank-full_2,0.1,12.58824444,35000,13,7,6,12,2,3.857142857,1.047429312,16.29242968,1761.540528,545.742626,1444407.551,0.045093404,0.401571694,2931.491768,8593643.983,13.81795089,4.210549451,0.000119048,0,0,0.038169213,0.160088,0.675857143,84,2.337413,0.689571429
Adult_v2_(bank-full),0,17.80956745,32650,13,9,4,31,2,10,1.631986914,4.578739366,50.93110794,1822.81459,11939587.95,0.070304814,0.232694555,6900.736029,47620157.74,3.224349851,2.526563788,0.000306279,0,0,0.020596581,0.489721,0.827871363,81,13.38769,0.84532925
Adult_v2_(bank-full),0.1,17.80956745,32650,13,9,4,31,2,10,1.631986914,4.578739366,50.93110794,1822.81459,11939587.95,0.070304814,0.232694555,6900.736029,47620157.74,3.224349851,2.526563788,0.000306279,0,0,0.126158435,0.400888,0.762787136,81,4.513608,0.672128637
bank-full_(Adult_v2),0,16.47197723,45211,13,8,5,31,2,7.375,1.582567045,11.33152972,934.6133796,683.0016919,1869399.232,0.050095951,0.454288021,3044.765829,9270598.954,7.548118737,5.652470553,0.000180108,0.048727093,0,0.016063546,0.535196,0.892513546,95,7.090283,0.898153268
bank-full_(Adult_v2),0.1,16.47197723,45211,13,8,5,31,2,7.375,1.582567045,11.33152972,934.6133796,683.0016919,1869399.232,0.050095951,0.454288021,3044.765829,9270598.954,7.548118737,5.652470553,0.000180108,0,0,0.074333433,0.525439,0.730952118,95,5.120402,0.727302886
drugs,0,0.187080383,1885,13,2,11,7,2,4.5,1.779940446,0.236382742,5.029537704,0.872716478,0.818678199,0.164411094,0.623119636,0.998105936,0.996215459,5.648148148,1.122219955,0.003713528,0,0,0.06878989,0.087856,0.286472149,19,1.074725,0.336870027
drugs,0.1,0.187080383,1885,13,2,11,7,2,4.5,1.779940446,0.236382742,5.029537704,0.872716478,0.818678199,0.164411094,0.623119636,0.998105936,0.996215459,5.648148148,1.122219955,0.003713528,0,0,0.068615175,0.092832,0.161803714,19,0.626034,0.172413793
egyptian,0,0.306556702,1385,29,10,19,14,2,3.4,1.378806966,0.115394264,-0.395187421,101151.9517,31636775106,0.026384878,0.445987627,362315.1328,1.31E+11,1.090361446,0.009958919,0.006498195,0,0,0.026150386,0.089534,0.238267148,17,0.866028,0.263537906
egyptian,0.1,0.306556702,1385,29,10,19,14,2,3.4,1.378806966,0.115394264,-0.395187421,101151.9517,31636775106,0.026384878,0.445987627,362315.1328,1.31E+11,1.090361446,0.009958919,0.006498195,0.017568292,0,0.037745081,0.060563,0.288808664,17,0.914318,0.281588448
heart_failure,0,0.029777527,299,13,6,7,2,2,2,0.941372408,1.491362585,8.564391749,14125.90223,1366659505,0.066045059,0.22406842,97804.23687,9565668749,2.114583333,2.186776434,0.006688963,0.071835316,0,0.10752817,0.032081,0.6,8,0.323428,0.8
heart_failure,0.1,0.029777527,299,13,6,7,2,2,2,0.941372408,1.491362585,8.564391749,14125.90223,1366659505,0.066045059,0.22406842,97804.23687,9565668749,2.114583333,2.186776434,0.006688963,0,0,0,0.029612,0.6,8,0.109012,0.616666667
hepatitis,0,0.012329102,80,20,14,6,2,2,2,0.779684321,0.918246607,2.348291799,26.9073439,1447.634944,0.210716181,0.434658978,71.59997437,5126.556329,5.153846154,5.625,0.025,0,0,0.102380691,0.061907,0.8125,4,0.626698,0.875
hepatitis,0.1,0.012329102,80,20,14,6,2,2,2,0.779684321,0.918246607,2.348291799,26.9073439,1447.634944,0.210716181,0.434658978,71.59997437,5126.556329,5.153846154,5.625,0.025,0,0,0.047097454,0.055285,0.75,4,0.134013,0.625
catheterization_21_2111,0,1.008808136,2111,21,16,5,9,2,2.9375,0.866170376,1.038309848,4.02492484,519.1103997,676725.7578,0.036754542,0.141294999,1473.25683,2170485.688,1.818424566,3.967878009,0.001962509,0.092037884,0,0.065172512,0.057083,0.612293144,21,0.531699,0.647754137
catheterization_21_2111,0.1,1.008808136,2111,21,16,5,9,2,2.9375,0.866170376,1.038309848,4.02492484,519.1103997,676725.7578,0.036754542,0.141294999,1473.25683,2170485.688,1.818424566,3.967878009,0.001962509,0.172571032,0,0.071036191,0.060597,0.787234043,21,0.502967,0.777777778
catheterization_21_3541,0,1.692228317,3541,21,16,5,9,2,2.9375,0.876219448,1.074732098,4.323639297,674.2213193,1133185.608,0.037388129,0.135704342,1839.916708,3385293.491,1.826017558,4.125818641,0.001169968,0.090327502,0,0.088937578,0.062883,0.636107193,27,1.879484,0.655853315
catheterization_21_3541,0.1,1.692228317,3541,21,16,5,9,2,2.9375,0.876219448,1.074732098,4.323639297,674.2213193,1133185.608,0.037388129,0.135704342,1839.916708,3385293.491,1.826017558,4.125818641,0.001169968,0.083379233,0,0.047997567,0.09506,0.757404795,27,0.732997,0.770098731
catheterization_21_4236,0,2.024144173,4236,21,16,5,9,2,2.9375,0.875230034,1.097653117,4.508980851,750.6389688,1437740.65,0.038302418,0.141776962,2200.574114,4842526.431,1.824,4.126759297,0.000978012,0.162865759,0,0.07727997,0.053294,0.628537736,29,0.901046,0.648584906
catheterization_21_4236,0.1,2.024144173,4236,21,16,5,9,2,2.9375,0.875230034,1.097653117,4.508980851,750.6389688,1437740.65,0.038302418,0.141776962,2200.574114,4842526.431,1.824,4.126759297,0.000978012,0.162865759,0,0.079293872,0.089536,0.931603774,29,0.851019,0.909198113
catheterization_21_5734,0,2.739388466,5734,21,16,5,9,2,2.9375,0.874561106,1.082842216,4.489575418,901.6424476,2225955.554,0.03298371,0.142986048,2972.155988,8833711.216,1.848484848,4.072616141,0.000722507,0.10826226,0,0.081626448,0.122688,0.646904969,34,1.58365,0.669572799
catheterization_21_5734,0.1,2.739388466,5734,21,16,5,9,2,2.9375,0.874561106,1.082842216,4.489575418,901.6424476,2225955.554,0.03298371,0.142986048,2972.155988,8833711.216,1.848484848,4.072616141,0.000722507,0.134245202,0,0.071218328,0.088802,0.83347864,34,0.996152,0.83347864
catheterization_29_2131,0,1.257945061,2131,29,19,10,9,2,2.789473684,0.855933275,0.772456379,4.45241741,265.5168342,340248.0636,0.052708995,0.537691754,1471.556552,2165478.686,1.818783069,4.20395152,0.001818395,0.12655209,0,0.107539919,0.08775,0.629976581,21,1.146523,0.632318501
catheterization_29_2131,0.1,1.257945061,2131,29,19,10,9,2,2.789473684,0.855933275,0.772456379,4.45241741,265.5168342,340248.0636,0.052708995,0.537691754,1471.556552,2165478.686,1.818783069,4.20395152,0.001818395,0.069028413,0,0.046622041,0.057848,0.93676815,21,1.026517,0.957845433
catheterization_29_3419,0,2.01830101,3419,29,19,10,9,2,2.789473684,0.86408519,0.761585908,4.322471016,335.2089386,541797.8752,0.049019284,0.494248736,1776.808391,3157048.06,1.81399177,4.300511341,0.001133372,0.086380197,0,0.052775652,0.092266,0.650584795,26,0.927017,0.662280702
catheterization_29_3419,0.1,2.01830101,3419,29,19,10,9,2,2.789473684,0.86408519,0.761585908,4.322471016,335.2089386,541797.8752,0.049019284,0.494248736,1776.808391,3157048.06,1.81399177,4.300511341,0.001133372,0.043190099,0,0.058571779,0.094114,0.785087719,26,0.683504,0.824561404
catheterization_29_4095,0,2.417154312,4095,29,19,10,9,2,2.789473684,0.864655645,0.777538965,4.295802738,372.9998198,687064.9269,0.048865935,0.487583342,2128.480481,4530429.159,1.820247934,4.33244916,0.000946276,0.072323694,0,0.086000381,0.115701,0.645909646,29,1.140775,0.660561661
catheterization_29_4095,0.1,2.417154312,4095,29,19,10,9,2,2.789473684,0.864655645,0.777538965,4.295802738,372.9998198,687064.9269,0.048865935,0.487583342,2128.480481,4530429.159,1.820247934,4.33244916,0.000946276,0.030134872,0,0.089479466,0.109206,0.826617827,29,0.609554,0.871794872
catheterization_29_5531,0,3.264159203,5531,29,19,10,9,2,2.789473684,0.864039014,0.758690732,4.140910409,445.5752184,1051959.192,0.047517281,0.476642889,2866.313457,8215752.833,1.842240493,4.299902119,0.000700597,0.076260292,0,0.042065972,0.097933,0.66395664,33,2.620618,0.678410117
catheterization_29_5531,0.1,3.264159203,5531,29,19,10,9,2,2.789473684,0.864039014,0.758690732,4.140910409,445.5752184,1051959.192,0.047517281,0.476642889,2866.313457,8215752.833,1.842240493,4.299902119,0.000700597,0.107661589,0,0.057874687,0.093173,0.886178862,33,0.851449,0.892502258
catheterization_38_584,0,0.384888649,584,38,19,19,9,1,2.736842105,0.85356484,0.920659735,5.024345969,106.0208995,114761.2225,0.067074066,0.46978641,1440.829095,2075988.482,1.630630631,4.285449833,0.006635274,0,0,0.088412528,0.058413,0.598290598,11,1.390693,0.572649573
catheterization_38_584,0.1,0.384888649,584,38,19,19,9,1,2.736842105,0.85356484,0.920659735,5.024345969,106.0208995,114761.2225,0.067074066,0.46978641,1440.829095,2075988.482,1.630630631,4.285449833,0.006635274,0,0,0.098699464,0.061113,0.717948718,11,0.508818,0.777777778
catheterization_38_1399,0,0.921794891,1399,38,19,19,9,1,2.736842105,0.851997427,0.93425418,5.380490309,128.9808876,140001.9103,0.057925577,0.544435311,1456.668837,2121884.1,1.732421875,4.333210981,0.002769836,0,0,0.052959475,0.060413,0.6,17,0.934673,0.6
catheterization_38_1399,0.1,0.921794891,1399,38,19,19,9,1,2.736842105,0.851997427,0.93425418,5.380490309,128.9808876,140001.9103,0.057925577,0.544435311,1456.668837,2121884.1,1.732421875,4.333210981,0.002769836,0,0,0.038746658,0.06084,0.703571429,17,0.644906,0.732142857
catheterization_38_2074,0,1.366749763,2074,38,19,19,9,2,2.789473684,0.855631413,1.002228121,6.397780107,148.7331263,176549.1659,0.054172441,0.535994859,1471.885589,2166447.188,1.817934783,4.182104248,0.00186837,0.058878439,0.011775688,0.071743996,0.095241,0.628915663,20,1.150183,0.672289157
catheterization_38_2074,0.1,1.366749763,2074,38,19,19,9,2,2.789473684,0.855631413,1.002228121,6.397780107,148.7331263,176549.1659,0.054172441,0.535994859,1471.885589,2166447.188,1.817934783,4.182104248,0.00186837,0.023551376,0,0.034877339,0.061707,0.61686747,20,0.376761,0.607228916
catheterization_38_2284,0,1.505099297,2284,38,19,19,9,2,2.789473684,0.858985605,1.046739786,6.903782822,154.003432,188141.032,0.054180012,0.52735529,1463.472042,2141750.419,1.851435705,4.197391465,0.001696585,0.043047445,0,0.060978514,0.091277,0.673960613,21,1.061863,0.691466083
catheterization_38_2284,0.1,1.505099297,2284,38,19,19,9,2,2.789473684,0.858985605,1.046739786,6.903782822,154.003432,188141.032,0.054180012,0.52735529,1463.472042,2141750.419,1.851435705,4.197391465,0.001696585,0.043047445,0,0.025241897,0.088101,0.698030635,21,0.381567,0.700218818
catheterization_47_501,0,0.364652634,501,47,22,25,9,1,2.636363636,0.804860511,0.706425001,3.775005662,81.30221534,82181.40604,0.080180677,0.51787678,1403.825982,1970727.387,1.636842105,3.887876421,0.007734531,0,0,0.073927953,0.053606,0.613861386,10,1.762221,0.762376238
catheterization_47_501,0.1,0.364652634,501,47,22,25,9,1,2.636363636,0.804860511,0.706425001,3.775005662,81.30221534,82181.40604,0.080180677,0.51787678,1403.825982,1970727.387,1.636842105,3.887876421,0.007734531,0,0,0.032170594,0.065111,0.633663366,10,0.297916,0.663366337
catheterization_47_1479,0,1.076230049,1479,47,22,25,9,1,2.636363636,0.806781908,0.742014592,4.199098107,103.4560419,108043.0623,0.072889855,0.533857964,1447.985487,2096661.97,1.749070632,4.067084105,0.002620014,0,0,0.056450154,0.092954,0.679054054,17,1.706746,0.726351351
catheterization_47_1479,0.1,1.076230049,1479,47,22,25,9,1,2.636363636,0.806781908,0.742014592,4.199098107,103.4560419,108043.0623,0.072889855,0.533857964,1447.985487,2096661.97,1.749070632,4.067084105,0.002620014,0.02117286,0,0.021343605,0.058122,0.689189189,17,0.254964,0.614864865
catheterization_47_2000,0,1.455459595,2000,47,22,25,9,2,2.681818182,0.810805516,0.802530898,4.89616384,115.4396229,130548.7235,0.071454394,0.532622481,1467.87023,2154643.013,1.824858757,3.725531915,0.0019375,0.036620768,0,0.058935911,0.092772,0.71,20,2.229548,0.75
catheterization_47_2000,0.1,1.455459595,2000,47,22,25,9,2,2.681818182,0.810805516,0.802530898,4.89616384,115.4396229,130548.7235,0.071454394,0.532622481,1467.87023,2154643.013,1.824858757,3.725531915,0.0019375,0.061034613,0,0.032201977,0.08562,0.6975,20,0.601396,0.7025
catheterization_47_2345,0,1.706414223,2345,47,22,25,9,2,2.681818182,0.814892132,0.834853081,5.186588278,122.3705106,145998.7744,0.071066463,0.515150423,1462.777137,2139716.952,1.835550181,3.753572563,0.001652452,0.041701101,0,0.040809103,0.0948,0.658848614,22,2.516291,0.70575693
catheterization_47_2345,0.1,1.706414223,2345,47,22,25,9,2,2.681818182,0.814892132,0.834853081,5.186588278,122.3705106,145998.7744,0.071066463,0.515150423,1462.777137,2139716.952,1.835550181,3.753572563,0.001652452,0.041701101,0,0.036396973,0.062334,0.648187633,22,0.4254,0.669509595
catheterization_55_553,0,0.436187744,553,55,30,25,9,1,2.466666667,0.724949063,0.702375082,3.700024891,83.99642751,87192.78102,0.08077316,0.511106418,1442.895067,2081946.174,1.633333333,4.698278749,0.007007233,0.041804745,0,0.07243812,0.095912,0.648648649,11,2.32144,0.594594595
catheterization_55_553,0.1,0.436187744,553,55,30,25,9,1,2.466666667,0.724949063,0.702375082,3.700024891,83.99642751,87192.78102,0.08077316,0.511106418,1442.895067,2081946.174,1.633333333,4.698278749,0.007007233,0.041804745,0,0.047751539,0.060502,0.738738739,11,0.678453,0.783783784
catheterization_55_1599,0,1.261201859,1599,55,30,25,9,1,2.466666667,0.726142052,0.752658778,4.181987061,106.9560404,114733.018,0.072785032,0.528319885,1469.83677,2160420.13,1.800350263,4.646422533,0.00242339,0.03033947,0,0.039140386,0.091248,0.66875,18,1.809448,0.690625
catheterization_55_1599,0.1,1.261201859,1599,55,30,25,9,1,2.466666667,0.726142052,0.752658778,4.181987061,106.9560404,114733.018,0.072785032,0.528319885,1469.83677,2160420.13,1.800350263,4.646422533,0.00242339,0.06067894,0,0.05919232,0.090453,0.596875,18,0.3832,0.509375
catheterization_55_2122,0,1.673548698,2122,55,30,25,9,2,2.5,0.727940963,0.834160543,5.171783562,118.0935924,136389.327,0.071355938,0.538238085,1471.357648,2164893.329,1.818061089,4.52403393,0.001826107,0,0,0.089589508,0.095308,0.658823529,21,2.411738,0.684705882
catheterization_55_2122,0.1,1.673548698,2122,55,30,25,9,2,2.5,0.727940963,0.834160543,5.171783562,118.0935924,136389.327,0.071355938,0.538238085,1471.357648,2164893.329,1.818061089,4.52403393,0.001826107,0.011504735,0,0.030956822,0.087657,0.654117647,21,0.853781,0.701176471
catheterization_61_234,0,0.202300072,234,61,33,28,9,1,2.484848485,0.737830858,0.646032659,3.342249686,128.8232876,112129.7755,0.090146778,0.999109885,1491.852063,2225622.578,1.543478261,5.028490028,0.016619183,0.18313795,0.091568975,0.090846974,0.059892,0.744680851,7,2.205231,0.808510638
catheterization_61_234,0.1,0.202300072,234,61,33,28,9,1,2.484848485,0.737830858,0.646032659,3.342249686,128.8232876,112129.7755,0.090146778,0.999109885,1491.852063,2225622.578,1.543478261,5.028490028,0.016619183,0.091568975,0,0.059043851,0.089105,0.680851064,7,0.66451,0.638297872
catheterization_61_521,0,0.450335503,521,61,33,28,9,1,2.545454545,0.740125146,0.619158817,3.249284057,129.7459846,102742.4303,0.083326972,0.998816322,1388.856145,1928921.391,1.644670051,4.84325016,0.007890808,0.012279229,0.043628629,0.096647557,0.061054,0.657142857,10,2.452819,0.704761905
catheterization_61_521,0.1,0.450335503,521,61,33,28,9,1,2.545454545,0.740125146,0.619158817,3.249284057,129.7459846,102742.4303,0.083326972,0.998816322,1388.856145,1928921.391,1.644670051,4.84325016,0.007890808,0,0,0.057819041,0.06029,0.514285714,10,0.711221,0.466666667
catheterization_61_769,0,0.664481163,769,61,33,28,9,1,2.545454545,0.740198043,0.621397945,3.098815659,136.9607012,114678.9035,0.08145465,0.998713855,1485.025918,2205301.978,1.642611684,4.893801474,0.005346048,0.060751995,0,0.083846201,0.087246,0.532467532,12,1.69587,0.642857143
catheterization_61_769,0.1,0.664481163,769,61,33,28,9,1,2.545454545,0.740198043,0.621397945,3.098815659,136.9607012,114678.9035,0.08145465,0.998713855,1485.025918,2205301.978,1.642611684,4.893801474,0.005346048,0.030375998,0,0.046193338,0.061112,0.551948052,12,0.809079,0.558441558
support2_16_9105,0,1.383928299,5000,8,6,2,30,2,8.5,1.68323166,1.850483824,11.67068884,61542.77833,7573033705,0.097323269,0.194646539,123069.3591,15146067148,2.531073446,1.38,0.0017,0,0,0.044168572,0.090974,0.762,32,1.308961,0.758
support2_16_9105,0.1,1.383928299,5000,8,6,2,30,2,8.5,1.68323166,1.850483824,11.67068884,61542.77833,7573033705,0.097323269,0.194646539,123069.3591,15146067148,2.531073446,1.38,0.0017,0,0,0,0.087493,0.773,32,0.550232,0.687
support2_26_1162,0,0.42037487,1162,11,7,4,27,2,7.571428571,1.664242537,1.332619641,3.557721223,45381.38565,8236060164,0.155308812,0.780959532,181505.483,32944240372,2.358381503,4.576748553,0.006515859,0,0,0.041964879,0.060168,0.836909871,15,1.457208,0.811158798
support2_26_1162,0.1,0.42037487,1162,11,7,4,27,2,7.571428571,1.664242537,1.332619641,3.557721223,45381.38565,8236060164,0.155308812,0.780959532,181505.483,32944240372,2.358381503,4.576748553,0.006515859,0,0,0.021471122,0.062121,0.729613734,15,0.342513,0.622317597
support2_26_2572,0,0.931120872,2572,11,7,4,28,2,7.714285714,1.636267462,1.412293734,4.361792271,39008.01937,6084927677,0.169547265,0.79818817,156011.8919,24339710426,2.653409091,2.467128517,0.002999333,0,0,0.027329456,0.093549,0.831067961,23,1.186613,0.834951456
support2_26_2572,0.1,0.931120872,2572,11,7,4,28,2,7.714285714,1.636267462,1.412293734,4.361792271,39008.01937,6084927677,0.169547265,0.79818817,156011.8919,24339710426,2.653409091,2.467128517,0.002999333,0,0,0,0.063542,0.733980583,23,0.43244,0.623300971
support2_26_3474,0,1.258381844,3474,11,7,4,29,2,7.857142857,1.633853247,1.515299509,5.418357591,34821.22464,4848659779,0.170707665,0.815696133,139264.636,19394638832,2.743534483,2.512168315,0.002261699,0,0,0.04535236,0.093705,0.820143885,26,1.453356,0.825899281
support2_26_3474,0.1,1.258381844,3474,11,7,4,29,2,7.857142857,1.633853247,1.515299509,5.418357591,34821.22464,4848659779,0.170707665,0.815696133,139264.636,19394638832,2.743534483,2.512168315,0.002261699,0,0,0,0.062884,0.725179856,26,0.558829,0.686330935
support2_32_1021,0,0.416108131,1021,17,8,9,27,2,7.625,1.562047911,2.116759115,14.49500642,19811.49442,3498121070,0.073352258,0.773547989,177433.0112,31482473454,2.251592357,6.890591692,0.007468168,0.023298765,0,0.100255077,0.060078,0.765853659,14,0.778472,0.809756098
support2_32_1021,0.1,0.416108131,1021,17,8,9,27,2,7.625,1.562047911,2.116759115,14.49500642,19811.49442,3498121070,0.073352258,0.773547989,177433.0112,31482473454,2.251592357,6.890591692,0.007468168,0,0,0.061203097,0.062151,0.712195122,14,0.297902,0.731707317
support2_32_1488,0,0.606692314,1488,17,8,9,28,2,7.75,1.554476417,1.445734569,6.442128406,20336.45072,3674716311,0.070650789,0.774394292,181855.1994,33071313563,2.405034325,11.04522454,0.005208333,0.004479104,0,0.053991265,0.062198,0.744966443,17,0.969328,0.697986577
support2_32_1488,0.1,0.606692314,1488,17,8,9,28,2,7.75,1.554476417,1.445734569,6.442128406,20336.45072,3674716311,0.070650789,0.774394292,181855.1994,33071313563,2.405034325,11.04522454,0.005208333,0,0,0.085967634,0.059896,0.822147651,17,0.305547,0.724832215
support2_32_2210,0,0.901168823,2210,17,8,9,28,2,7.75,1.562301582,1.607340786,8.274010949,18485.67928,3037283672,0.076385135,0.795200691,165332.0039,27334671523,2.564516129,7.939845622,0.003506787,0.036711764,0,0.0647225,0.061832,0.800904977,21,1.021691,0.812217195
support2_32_2210,0.1,0.901168823,2210,17,8,9,28,2,7.75,1.562301582,1.607340786,8.274010949,18485.67928,3037283672,0.076385135,0.795200691,165332.0039,27334671523,2.564516129,7.939845622,0.003506787,0.003077684,0,0.066856437,0.060733,0.886877828,21,0.398093,0.816742081
support2_36_1173,0,0.513850212,1173,21,8,13,27,2,7.625,1.570193527,1.862794304,9.204428869,14005.58133,2518882253,0.081433859,0.779811742,180954.751,32744621925,2.370689655,10.85129704,0.006500426,0,0,0.06594028,0.060351,0.74893617,15,0.787351,0.842553191
support2_36_1173,0.1,0.513850212,1173,21,8,13,27,2,7.625,1.570193527,1.862794304,9.204428869,14005.58133,2518882253,0.081433859,0.779811742,180954.751,32744621925,2.370689655,10.85129704,0.006500426,0.020441232,0,0.023304244,0.109385,0.54893617,15,0.268016,0.561702128
support2_36_1472,0,0.645122528,1472,21,8,13,28,2,7.75,1.553331645,1.649825399,6.731441473,14146.72402,2565912746,0.080317832,0.773989867,182635.54,33355740459,2.415313225,12.79438406,0.005264946,0,0,0.015720422,0.059802,0.779661017,17,0.75194,0.769491525
support2_36_1472,0.1,0.645122528,1472,21,8,13,28,2,7.75,1.553331645,1.649825399,6.731441473,14146.72402,2565912746,0.080317832,0.773989867,182635.54,33355740459,2.415313225,12.79438406,0.005264946,0,0,0.029999718,0.058462,0.53220339,17,0.351056,0.576271186
support2_36_2011,0,0.881249428,2011,21,8,13,28,2,7.75,1.565432148,1.75740018,8.086097411,13276.69516,2260011910,0.078398272,0.789073569,171403.5543,29379178411,2.565602837,10.50649996,0.003853804,0,0,0.024048379,0.064627,0.803970223,20,1.462554,0.828784119
support2_36_2011,0.1,0.881249428,2011,21,8,13,28,2,7.75,1.565432148,1.75740018,8.086097411,13276.69516,2260011910,0.078398272,0.789073569,171403.5543,29379178411,2.565602837,10.50649996,0.003853804,0,0,0.016431563,0.058736,0.521091811,20,0.331617,0.503722084
support2_46_509,0,0.315339088,509,31,14,17,30,1,7.071428571,1.278087909,1.310276882,6.907564122,9808.871045,1631012952,0.103290214,0.774944966,166514.8838,27727206521,2.283870968,5.592197586,0.017145919,0,0,0.076793766,0.062671,0.833333333,10,0.746491,0.87254902
support2_46_509,0.1,0.315339088,509,31,14,17,30,1,7.071428571,1.278087909,1.310276882,6.907564122,9808.871045,1631012952,0.103290214,0.774944966,166514.8838,27727206521,2.283870968,5.592197586,0.017145919,0,0,0.058791188,0.065099,0.460784314,10,0.554091,0.558823529
support2_46_1045,0,0.647628784,1045,31,11,20,40,2,9.727272727,1.646413852,1.738166826,10.35185573,8882.55926,1558415712,0.08271236,0.776280443,176543.5805,31167635806,2.275862069,7.281987961,0.009308395,0.006375737,0,0.035924105,0.060597,0.779904306,14,1.152064,0.803827751
support2_46_1045,0.1,0.647628784,1045,31,11,20,40,2,9.727272727,1.646413852,1.738166826,10.35185573,8882.55926,1558415712,0.08271236,0.776280443,176543.5805,31167635806,2.275862069,7.281987961,0.009308395,0,0,0.035498562,0.057985,0.545454545,14,0.383065,0.545454545
support2_46_1510,0,0.935767174,1510,31,11,20,47,2,10.45454545,1.665026656,1.469073395,7.218773819,9180.325852,1660402422,0.079212922,0.775756228,182227.5953,33206896492,2.408577878,9.446699423,0.00692354,0,0.016149681,0.022834401,0.091522,0.834437086,17,0.749721,0.860927152
support2_46_1510,0.1,0.935767174,1510,31,11,20,47,2,10.45454545,1.665026656,1.469073395,7.218773819,9180.325852,1660402422,0.079212922,0.775756228,182227.5953,33206896492,2.408577878,9.446699423,0.00692354,0.016149681,0,0.038372028,0.060444,0.566225166,17,0.86385,0.539735099
support2_46_2131,0,1.321035385,2131,31,11,20,57,2,11.36363636,1.694355584,1.587064329,8.459777091,8445.585694,1405407899,0.075684137,0.791831217,167652.118,28107232681,2.569514238,7.789770061,0.005332537,0,0.011504735,0.035076735,0.089323,0.861826698,21,1.075308,0.866510539
support2_46_2131,0.1,1.321035385,2131,31,11,20,57,2,11.36363636,1.694355584,1.587064329,8.459777091,8445.585694,1405407899,0.075684137,0.791831217,167652.118,28107232681,2.569514238,7.789770061,0.005332537,0.006398231,0,0.038405988,0.087402,0.515222482,21,1.160372,0.487119438
support2_46_3419,0,2.120714188,3419,31,11,20,69,2,12.54545455,1.714710789,1.706828384,10.19504059,7064.803536,980148184.7,0.066666312,0.814179403,140007.1312,19601996781,2.790465632,8.091405712,0.003669334,0,0,0.025657287,0.127575,0.868421053,26,1.641425,0.894736842
support2_46_3419,0.1,2.120714188,3419,31,11,20,69,2,12.54545455,1.714710789,1.706828384,10.19504059,7064.803536,980148184.7,0.066666312,0.814179403,140007.1312,19601996781,2.790465632,8.091405712,0.003669334,0.00719835,0,0.040384774,0.128735,0.538011696,26,0.978294,0.546783626
support2_16_234,0,0.064552307,234,8,6,2,20,2,6.833333333,1.683030761,1.503094581,6.913586171,87284.21067,15234231692,0.14295901,0.28591802,174552.1788,30468463121,3.254545455,1.549145299,0.029202279,0,0,0.14449344,0.027993,0.787234043,7,0.307919,0.85106383
support2_16_234,0.1,0.064552307,234,8,6,2,20,2,6.833333333,1.683030761,1.503094581,6.913586171,87284.21067,15234231692,0.14295901,0.28591802,174552.1788,30468463121,3.254545455,1.549145299,0.029202279,0,0,0,0.032142,0.595744681,7,0.13206,0.659574468
support2_16_521,0,0.143810272,521,8,6,2,26,2,7.833333333,1.676631548,1.614727822,8.243913445,83076.79533,13800837213,0.110482956,0.220965913,166137.5158,27601674167,2.25625,1.103646833,0.015035189,0.043628629,0,0.086548858,0.059801,0.752380952,10,1.784768,0.828571429
support2_16_521,0.1,0.143810272,521,8,6,2,26,2,7.833333333,1.676631548,1.614727822,8.243913445,83076.79533,13800837213,0.110482956,0.220965913,166137.5158,27601674167,2.25625,1.103646833,0.015035189,0.043628629,0,0.088648661,0.065234,0.561904762,10,0.217121,0.561904762
support2_16_769,0,0.212315559,769,8,6,2,27,2,8,1.698301053,1.56512839,7.819369637,83743.04363,14023087222,0.121459746,0.242919493,167469.9202,28046174182,2.244725738,0.991547464,0.010403121,0,0.030375998,0,0.060228,0.720779221,12,1.757344,0.792207792
support2_16_769,0.1,0.212315559,769,8,6,2,27,2,8,1.698301053,1.56512839,7.819369637,83743.04363,14023087222,0.121459746,0.242919493,167469.9202,28046174182,2.244725738,0.991547464,0.010403121,0,0,0,0.057594,0.62987013,12,0.298222,0.623376623
support2_26_553,0,0.199934959,553,11,7,4,26,2,7.428571429,1.636704282,1.521509038,5.386766356,41375.71673,6846192840,0.163226133,0.760873688,165483.4466,27384771090,2.215116279,4.060496466,0.013433221,0,0,0.090431906,0.055956,0.666666667,11,0.716584,0.738738739
support2_26_553,0.1,0.199934959,553,11,7,4,26,2,7.428571429,1.636704282,1.521509038,5.386766356,41375.71673,6846192840,0.163226133,0.760873688,165483.4466,27384771090,2.215116279,4.060496466,0.013433221,0,0,0.007550298,0.031176,0.558558559,11,0.298804,0.522522523
support2_26_1599,0,0.578716278,1599,11,7,4,28,2,7.714285714,1.657677211,1.265518911,3.045575592,46298.26421,8572297014,0.152020107,0.775996842,185173.3992,34289187785,2.394904459,4.559667974,0.004824444,0.015169735,0,0.040036071,0.061269,0.784375,18,0.962081,0.815625
support2_26_1599,0.1,0.578716278,1599,11,7,4,28,2,7.714285714,1.657677211,1.265518911,3.045575592,46298.26421,8572297014,0.152020107,0.775996842,185173.3992,34289187785,2.394904459,4.559667974,0.004824444,0,0,0,0.060016,0.746875,18,0.349073,0.75
support2_26_2122,0,0.768079758,2122,11,7,4,28,2,7.714285714,1.646697113,1.329233366,3.679794552,41990.52442,7051142014,0.166887437,0.79160987,167942.1561,28204567779,2.566386555,2.18490275,0.003635384,0.023009471,0,0.048722219,0.061449,0.802352941,21,1.551023,0.809411765
support2_26_2122,0.1,0.768079758,2122,11,7,4,28,2,7.714285714,1.646697113,1.329233366,3.679794552,41990.52442,7051142014,0.166887437,0.79160987,167942.1561,28204567779,2.566386555,2.18490275,0.003635384,0,0,0,0.063403,0.778823529,21,0.390875,0.712941176
support2_32_501,0,0.204031944,501,17,11,6,26,1,5.727272727,1.141818323,0.789774364,3.561193766,26107.73637,4088373478,0.097003981,0.7755369,156621.3286,24530240569,2.232258065,4.662104363,0.01497006,0.04561892,0,0.108211105,0.060108,0.693069307,10,0.719462,0.653465347
support2_32_501,0.1,0.204031944,501,17,11,6,26,1,5.727272727,1.141818323,0.789774364,3.561193766,26107.73637,4088373478,0.097003981,0.7755369,156621.3286,24530240569,2.232258065,4.662104363,0.01497006,0,0,0.041929455,0.058704,0.752475248,10,0.424559,0.722772277
support2_32_1479,0,0.603067398,1479,17,8,9,28,2,7.75,1.554945329,1.451197084,6.478380851,20383.0005,3691795475,0.070665906,0.774985928,182277.3508,33225032621,2.4,11.01300561,0.005240027,0,0,0.026336941,0.083613,0.763513514,17,0.760631,0.810810811
support2_32_1479,0.1,0.603067398,1479,17,8,9,28,2,7.75,1.554945329,1.451197084,6.478380851,20383.0005,3691795475,0.070665906,0.774985928,182277.3508,33225032621,2.4,11.01300561,0.005240027,0,0,0.015284333,0.062213,0.824324324,17,0.349347,0.655405405
support2_32_2000,0,0.815395355,2000,17,8,9,28,2,7.75,1.564572512,1.525231732,7.462239607,19202.82452,3277125117,0.075122077,0.78921351,171735.7099,29493154041,2.571428571,8.408823529,0.003875,0.031678886,0,0.072306011,0.059252,0.7925,20,0.771969,0.7775
support2_32_2000,0.1,0.815395355,2000,17,8,9,28,2,7.75,1.564572512,1.525231732,7.462239607,19202.82452,3277125117,0.075122077,0.78921351,171735.7099,29493154041,2.571428571,8.408823529,0.003875,0.015697933,0,0.034454691,0.064714,0.87,20,0.392264,0.7925
support2_32_2345,0,0.956298828,2345,17,8,9,28,2,7.75,1.561703884,1.658427417,8.798783405,18079.85112,2905605911,0.076729403,0.798516957,161708.4458,26149621452,2.613251156,7.723567039,0.003304904,0.010425275,0,0.067342392,0.055376,0.791044776,22,1.279943,0.793176972
support2_32_2345,0.1,0.956298828,2345,17,8,9,28,2,7.75,1.561703884,1.658427417,8.798783405,18079.85112,2905605911,0.076729403,0.798516957,161708.4458,26149621452,2.613251156,7.723567039,0.003304904,0,0,0.052051484,0.058886,0.886993603,22,0.423383,0.810234542
support2_36_584,0,0.255748749,584,21,11,10,26,1,5.727272727,1.128545371,1.379626426,5.739687943,17198.01917,2953015819,0.099848056,0.757996043,171843.3801,29530147291,2.191256831,6.76369863,0.012842466,0,0,0.04269831,0.04947,0.700854701,11,0.585282,0.752136752
support2_36_584,0.1,0.255748749,584,21,11,10,26,1,5.727272727,1.128545371,1.379626426,5.739687943,17198.01917,2953015819,0.099848056,0.757996043,171843.3801,29530147291,2.191256831,6.76369863,0.012842466,0,0,0.060957279,0.060685,0.564102564,11,0.466727,0.598290598
support2_36_1399,0,0.613127708,1399,21,8,13,28,2,7.75,1.558265186,1.69209736,7.289885049,14234.34439,2598618140,0.079893776,0.774199475,183795.9344,33780945509,2.412195122,12.40001362,0.005539671,0.017264976,0,0.043117896,0.062475,0.760714286,17,0.515541,0.807142857
support2_36_1399,0.1,0.613127708,1399,21,8,13,28,2,7.75,1.558265186,1.69209736,7.289885049,14234.34439,2598618140,0.079893776,0.774199475,183795.9344,33780945509,2.412195122,12.40001362,0.005539671,0,0,0.014600983,0.061329,0.535714286,17,0.346967,0.578571429
support2_36_2074,0,0.908840179,2074,21,8,13,28,2,7.75,1.568214715,1.776650993,8.26669085,13124.30964,2208483507,0.077923208,0.79012862,169438.3011,28709337874,2.557461407,10.38710566,0.003736741,0.015134845,0,0.050652442,0.057177,0.74939759,20,0.842821,0.787951807
support2_36_2074,0.1,0.908840179,2074,21,8,13,28,2,7.75,1.568214715,1.776650993,8.26669085,13124.30964,2208483507,0.077923208,0.79012862,169438.3011,28709337874,2.557461407,10.38710566,0.003736741,0,0,0.03320541,0.060199,0.554216867,20,0.386024,0.522891566
support2_36_2284,0,1.001217842,2284,21,8,13,28,2,7.75,1.56021315,1.847966019,8.935657225,12651.07029,2052219682,0.077160328,0.796779486,163333.991,26677992617,2.579937304,10.02001501,0.00339317,0,0,0.044951495,0.064073,0.746170678,21,1.544391,0.787746171
support2_36_2284,0.1,1.001217842,2284,21,8,13,28,2,7.75,1.56021315,1.847966019,8.935657225,12651.07029,2052219682,0.077160328,0.796779486,163333.991,26677992617,2.579937304,10.02001501,0.00339317,0,0,0.036957246,0.061878,0.525164114,21,0.647502,0.527352298
support2_46_4095,0,2.539883614,4095,31,11,20,74,2,13.09090909,1.721847747,1.760598143,10.94934384,6640.715295,866149824.9,0.064829121,0.833914925,131613.7771,17322186324,2.620689655,7.491433298,0.003196803,0,0,0.037678628,0.115855,0.862026862,29,2.053735,0.882783883
support2_46_4095,0.1,2.539883614,4095,31,11,20,74,2,13.09090909,1.721847747,1.760598143,10.94934384,6640.715295,866149824.9,0.064829121,0.833914925,131613.7771,17322186324,2.620689655,7.491433298,0.003196803,0,0,0.046640213,0.109138,0.504273504,29,1.171234,0.559218559
support2_46_5531,0,3.102107048,5000,31,11,20,76,2,13.27272727,1.723907626,2.222557393,31.34754063,6218.060472,757351927.5,0.061030682,0.853371012,123069.3591,15146067148,2.531073446,8.678709677,0.002654545,0,0,0.044528263,0.183192,0.879,32,2.294841,0.889
support2_46_5531,0.1,3.102107048,5000,31,11,20,76,2,13.27272727,1.723907626,2.222557393,31.34754063,6218.060472,757351927.5,0.061030682,0.853371012,123069.3591,15146067148,2.531073446,8.678709677,0.002654545,0,0.004952439,0.019407663,0.17096,0.508,32,1.069333,0.523
dropout,0,1.248962402,4424,37,16,21,101,2,12.9375,1.334155584,1.870649259,13.64107962,6.938298381,105.7180613,0.163841142,0.944811037,26.41825291,697.9240866,2.782115869,4.732784321,0.004847298,0.011178135,0,0.04355373,0.208728,0.616949153,30,12.364787,0.701694915
dropout,0.1,1.248962402,4424,37,16,21,101,2,12.9375,1.334155584,1.870649259,13.64107962,6.938298381,105.7180613,0.163841142,0.944811037,26.41825291,697.9240866,2.782115869,4.732784321,0.004847298,0,0,0.083873552,0.201416,0.430508475,30,8.705027,0.463276836
dropout_15_1142,0,0.130813599,1142,15,5,10,17,2,7.4,1.345920564,1.068660322,11.33703326,4.250609222,33.34020881,0.118759655,0.777250632,14.59866062,213.120892,3.272251309,4.559252773,0.007661996,0,0.020867796,0.051536899,0.063403,0.611353712,15,0.916256,0.707423581
dropout_15_1142,0.1,0.130813599,1142,15,5,10,17,2,7.4,1.345920564,1.068660322,11.33703326,4.250609222,33.34020881,0.118759655,0.777250632,14.59866062,213.120892,3.272251309,4.559252773,0.007661996,0,0,0.021144195,0.058947,0.3930131,15,0.388299,0.427947598
dropout_15_2510,0,0.287368774,2510,15,5,10,17,2,9,1.416451601,0.96246701,7.737048167,4.364380073,34.52123215,0.118240669,0.771881895,14.74080354,217.2912889,2.885650224,3.569721116,0.004282869,0,0,0.031281598,0.062426,0.607569721,22,3.369847,0.667330677
dropout_15_2510,0.1,0.287368774,2510,15,5,10,17,2,9,1.416451601,0.96246701,7.737048167,4.364380073,34.52123215,0.118240669,0.771881895,14.74080354,217.2912889,2.885650224,3.569721116,0.004282869,0,0,0.074729297,0.063192,0.362549801,22,0.816481,0.378486056
dropout_15_3617,0,0.414054871,3617,15,5,10,19,2,9.4,1.427166842,0.970545508,7.242965454,4.383384,34.72584467,0.115760404,0.763824908,14.70196878,216.1478859,2.755319149,3.347156944,0.003110312,0,0,0.030732921,0.059573,0.628453039,27,3.168426,0.738950276
dropout_15_3617,0.1,0.414054871,3617,15,5,10,19,2,9.4,1.427166842,0.970545508,7.242965454,4.383384,34.72584467,0.115760404,0.763824908,14.70196878,216.1478859,2.755319149,3.347156944,0.003110312,0,0,0.087295415,0.09405,0.519337017,27,1.300584,0.522099448
dropout_15_4424,0,0.506408691,4424,15,5,10,21,2,9.8,1.42760128,1.004088718,7.867973373,4.350956067,33.86819013,0.113514332,0.760804176,14.48200082,209.7283477,2.782115869,3.327305606,0.002655967,0,0,0.00996791,0.092684,0.646327684,30,3.920132,0.724293785
dropout_15_4424,0.1,0.506408691,4424,15,5,10,21,2,9.8,1.42760128,1.004088718,7.867973373,4.350956067,33.86819013,0.113514332,0.760804176,14.48200082,209.7283477,2.782115869,3.327305606,0.002655967,0,0,0.079915953,0.055348,0.492655367,30,1.210416,0.531073446
dropout_20_1142,0,0.174377441,1142,20,5,15,17,2,7.4,1.345920564,1.718057513,19.67520962,3.749330279,25.43255656,0.189280719,0.895082598,14.59866062,213.120892,3.272251309,5.280210158,0.007661996,0.005799206,0,0.085588682,0.061848,0.668122271,15,1.525365,0.733624454
dropout_20_1142,0.1,0.174377441,1142,20,5,15,17,2,7.4,1.345920564,1.718057513,19.67520962,3.749330279,25.43255656,0.189280719,0.895082598,14.59866062,213.120892,3.272251309,5.280210158,0.007661996,0.020867796,0.020867796,0.032176628,0.060596,0.410480349,15,0.466305,0.401746725
dropout_20_2510,0,0.383117676,2510,20,5,15,17,2,9,1.416451601,1.532133235,13.72304394,3.879850282,26.62029522,0.189373676,0.902251118,14.74080354,217.2912889,2.885650224,4.782868526,0.004282869,0,0.009811547,0.072473,0.060259,0.637450199,22,3.390189,0.729083665
dropout_20_2510,0.1,0.383117676,2510,20,5,15,17,2,9,1.416451601,1.532133235,13.72304394,3.879850282,26.62029522,0.189373676,0.902251118,14.74080354,217.2912889,2.885650224,4.782868526,0.004282869,0,0,0.07870585,0.059622,0.513944223,22,0.995373,0.503984064
dropout_20_3617,0,0.552032471,3617,20,5,15,19,2,9.4,1.427166842,1.50096612,12.60151957,3.903960403,26.80673648,0.18828777,0.904585796,14.70196878,216.1478859,2.755319149,4.653027371,0.003110312,0,0.006806391,0.050978798,0.09294,0.595303867,27,3.374931,0.671270718
dropout_20_3617,0.1,0.552032471,3617,20,5,15,19,2,9.4,1.427166842,1.50096612,12.60151957,3.903960403,26.80673648,0.18828777,0.904585796,14.70196878,216.1478859,2.755319149,4.653027371,0.003110312,0,0,0.094839619,0.091579,0.551104972,27,1.341907,0.433701657
dropout_20_4424,0,0.675170898,4424,20,5,15,21,2,9.8,1.42760128,1.537190886,13.49589159,3.882399595,26.22268953,0.186397043,0.904002101,14.48200082,209.7283477,2.782115869,4.629294756,0.002655967,0,0,0.029887125,0.104794,0.651977401,30,5.369872,0.726553672
dropout_20_4424,0.1,0.675170898,4424,20,5,15,21,2,9.8,1.42760128,1.537190886,13.49589159,3.882399595,26.22268953,0.186397043,0.904002101,14.48200082,209.7283477,2.782115869,4.629294756,0.002655967,0,0,0.087132275,0.086701,0.497175141,30,1.289925,0.413559322
dropout_25_1142,0,0.217941284,1142,25,8,17,17,2,5.375,1.023829897,1.878696203,19.34106662,3.566049577,23.00564686,0.220353141,0.939413512,14.59866062,213.120892,3.272251309,5.516637478,0.007661996,0,0,0.087055336,0.061602,0.641921397,15,1.142843,0.655021834
dropout_25_1142,0.1,0.217941284,1142,25,8,17,17,2,5.375,1.023829897,1.878696203,19.34106662,3.566049577,23.00564686,0.220353141,0.939413512,14.59866062,213.120892,3.272251309,5.516637478,0.007661996,0,0,0.142568507,0.028238,0.484716157,15,0.393344,0.554585153
dropout_25_2510,0,0.478866577,2510,25,8,17,17,2,6.375,1.073147385,1.69157913,13.87076131,3.695153464,24.11732353,0.221231696,0.935445523,14.74080354,217.2912889,2.885650224,6.275697211,0.004282869,0.009811547,0,0.071307578,0.086609,0.673306773,22,4.240985,0.743027888
dropout_25_2510,0.1,0.478866577,2510,25,8,17,17,2,6.375,1.073147385,1.69157913,13.87076131,3.695153464,24.11732353,0.221231696,0.935445523,14.74080354,217.2912889,2.885650224,6.275697211,0.004282869,0,0,0.040421892,0.065448,0.364541833,22,1.086484,0.38247012
dropout_25_3617,0,0.690010071,3617,25,8,17,19,2,6.625,1.079018288,1.658577055,12.73672309,3.726215716,24.32727169,0.221211027,0.940294808,14.70196878,216.1478859,2.755319149,6.184130495,0.003110312,0,0,0.076850423,0.090422,0.687845304,27,5.531953,0.754143646
dropout_25_3617,0.1,0.690010071,3617,25,8,17,19,2,6.625,1.079018288,1.658577055,12.73672309,3.726215716,24.32727169,0.221211027,0.940294808,14.70196878,216.1478859,2.755319149,6.184130495,0.003110312,0,0,0.034293526,0.064289,0.462707182,27,2.184483,0.53038674
dropout_25_4424,0,0.843933105,4424,25,8,17,21,2,6.875,1.080274661,1.696820763,13.56364798,3.710392866,23.82727166,0.220141742,0.944811037,14.48200082,209.7283477,2.782115869,6.179023508,0.002655967,0,0,0.0655304,0.089228,0.663276836,30,4.321945,0.741242938
dropout_25_4424,0.1,0.843933105,4424,25,8,17,21,2,6.875,1.080274661,1.696820763,13.56364798,3.710392866,23.82727166,0.220141742,0.944811037,14.48200082,209.7283477,2.782115869,6.179023508,0.002655967,0,0,0.104199325,0.08847,0.48700565,30,3.132559,0.538983051
dropout_30_2510,0,0.574615479,2510,30,11,19,17,2,5.181818182,0.926780927,2.093568111,15.68950954,6.038237843,92.53861968,0.187575147,0.935445523,26.65151967,710.3035009,2.885650224,5.917662683,0.004282869,0,0,0.068386739,0.058309,0.637450199,22,4.104514,0.717131474
dropout_30_2510,0.1,0.574615479,2510,30,11,19,17,2,5.181818182,0.926780927,2.093568111,15.68950954,6.038237843,92.53861968,0.187575147,0.935445523,26.65151967,710.3035009,2.885650224,5.917662683,0.004282869,0,0,0.113059255,0.05803,0.364541833,22,1.527715,0.5
dropout_30_3617,0,0.827987671,3617,30,11,19,19,2,5.363636364,0.930123704,2.046328456,14.46549142,6.110233747,95.0174165,0.187459951,0.940294808,26.89913192,723.5632982,2.755319149,5.843701041,0.003110312,0,0,0.06046092,0.057526,0.604972376,27,6.842977,0.70718232
dropout_30_3617,0.1,0.827987671,3617,30,11,19,19,2,5.363636364,0.930123704,2.046328456,14.46549142,6.110233747,95.0174165,0.187459951,0.940294808,26.89913192,723.5632982,2.755319149,5.843701041,0.003110312,0,0,0.046906556,0.059192,0.54281768,27,1.766239,0.418508287
dropout_30_4424,0,1.012695313,4424,30,11,19,21,2,5.545454545,0.930651501,2.083176484,15.2492398,6.039893256,91.64257406,0.186591501,0.944811037,26.41825291,697.9240866,2.782115869,5.837100663,0.002655967,0,0.005589067,0.062388554,0.081093,0.640677966,30,4.577204,0.715254237
dropout_30_4424,0.1,1.012695313,4424,30,11,19,21,2,5.545454545,0.930651501,2.083176484,15.2492398,6.039893256,91.64257406,0.186591501,0.944811037,26.41825291,697.9240866,2.782115869,5.837100663,0.002655967,0,0,0.033000795,0.089901,0.503954802,30,2.858075,0.529943503
taiwan_16_1246,0,0.15222168,1246,16,2,14,2,1,1.5,0.139251659,6.825040101,439.7471051,0.021779649,0.000549936,0.112666422,0.977853811,0.037086795,0.00137543,19.76666667,9.406099518,0.001605136,0,0,0.234178059,0.086176,0.928,16,0.249387,0.932
taiwan_16_1246,0.1,0.15222168,1246,16,2,14,2,1,1.5,0.139251659,6.825040101,439.7471051,0.021779649,0.000549936,0.112666422,0.977853811,0.037086795,0.00137543,19.76666667,9.406099518,0.001605136,0,0,0.030305578,0.05617,0.476,16,0.26739,0.476
taiwan_16_2500,0,0.305297852,2500,16,2,14,2,1,1.5,0.16372246,8.095138674,505.7299942,25544508.02,9.14E+15,0.088957042,0.973217357,357623111.9,1.28E+17,15.66666667,10.38933333,0.0008,0,0.009811547,0.104024404,0.123814,0.942,22,0.231395,0.942
taiwan_16_2500,0.1,0.305297852,2500,16,2,14,2,1,1.5,0.16372246,8.095138674,505.7299942,25544508.02,9.14E+15,0.088957042,0.973217357,357623111.9,1.28E+17,15.66666667,10.38933333,0.0008,0.009811547,0,0.056816022,0.118902,0.578,22,0.344831,0.572
taiwan_16_3012,0,0.367797852,3012,16,2,14,2,1,1.5,0.153184335,7.805926154,511.1859937,25192781.94,8.89E+15,0.085753509,0.973378423,352698946.8,1.24E+17,17.25454545,10.51128818,0.000664011,0,0,0.130501677,0.122228,0.95854063,25,0.278416,0.95854063
taiwan_16_3012,0.1,0.367797852,3012,16,2,14,2,1,1.5,0.153184335,7.805926154,511.1859937,25192781.94,8.89E+15,0.085753509,0.973378423,352698946.8,1.24E+17,17.25454545,10.51128818,0.000664011,0,0,0,0.123171,0.500829187,25,0.302417,0.535655058
taiwan_16_4011,0,0.489746094,4011,16,2,14,2,1,1.5,0.131008435,8.222032581,596.043812,28665406.03,1.15E+16,0.094324829,0.972793622,401315684,1.61E+17,21.53370787,10.51774287,0.000498629,0,0,0.120439961,0.15084,0.95641345,28,0.327457,0.95641345
taiwan_16_4011,0.1,0.489746094,4011,16,2,14,2,1,1.5,0.131008435,8.222032581,596.043812,28665406.03,1.15E+16,0.094324829,0.972793622,401315684,1.61E+17,21.53370787,10.51774287,0.000498629,0,0.171862722,0.174895454,0.13168,0.494396015,28,0.314762,0.540473225
taiwan_26_743,0,0.147506714,743,26,3,23,2,1,1.666666667,0.100105084,2.120950914,211.8614362,424121806.3,1.40E+18,0.102025537,0.985667024,3603646558,1.30E+19,19.08108108,7.488559892,0.00269179,0,0,0.089522788,0.059803,0.979865772,12,0.840603,0.973154362
taiwan_26_743,0.1,0.147506714,743,26,3,23,2,1,1.666666667,0.100105084,2.120950914,211.8614362,424121806.3,1.40E+18,0.102025537,0.985667024,3603646558,1.30E+19,19.08108108,7.488559892,0.00269179,0,0,0.050587605,0.030373,0.496644295,12,0.399879,0.496644295
taiwan_26_1272,0,0.252441406,1272,26,3,23,2,1,1.666666667,0.095630387,2.232433445,337.6533429,421430306.2,1.38E+18,0.096610647,0.977351976,3618545421,1.31E+19,19.85245902,8.399371069,0.001572327,0,0,0.157856313,0.056399,0.949019608,16,2.607132,0.952941176
taiwan_26_1272,0.1,0.252441406,1272,26,3,23,2,1,1.666666667,0.095630387,2.232433445,337.6533429,421430306.2,1.38E+18,0.096610647,0.977351976,3618545421,1.31E+19,19.85245902,8.399371069,0.001572327,0.018896187,0,0.020493765,0.029824,0.478431373,16,0.342894,0.498039216
taiwan_26_1999,0,0.396652222,1999,26,3,23,2,1,1.666666667,0.106501285,1.909545069,371.2514437,431662979,1.35E+18,0.087778768,0.955236024,3582880223,1.28E+19,17.50925926,9.018509255,0.0010005,0.012206923,0,0.144561523,0.058703,0.9575,20,0.508016,0.96
taiwan_26_1999,0.1,0.396652222,1999,26,3,23,2,1,1.666666667,0.106501285,1.909545069,371.2514437,431662979,1.35E+18,0.087778768,0.955236024,3582880223,1.28E+19,17.50925926,9.018509255,0.0010005,0,0,0.088229948,0.03016,0.5075,20,0.21831,0.5475
taiwan_26_3256,0,0.645996094,3256,26,3,23,2,1,1.666666667,0.104608947,2.632803761,729.0242142,427380757.6,1.28E+18,0.072254452,0.973164923,3516012663,1.24E+19,18.26627219,9.405405405,0.000614251,0,0,0.080379953,0.060594,0.92791411,26,0.953267,0.92791411
taiwan_26_3256,0.1,0.645996094,3256,26,3,23,2,1,1.666666667,0.104608947,2.632803761,729.0242142,427380757.6,1.28E+18,0.072254452,0.973164923,3516012663,1.24E+19,18.26627219,9.405405405,0.000614251,0,0,0.037617051,0.057354,0.515337423,26,0.33882,0.515337423
taiwan_26_4011,0,0.795761108,4011,26,3,23,2,1,1.666666667,0.092737311,3.694984532,884.4326806,419752769.9,1.22E+18,0.073533268,0.972793622,3435043625,1.18E+19,21.53370787,9.264522563,0.000498629,0,0,0.141660088,0.057363,0.943960149,28,0.951013,0.945205479
taiwan_26_4011,0.1,0.795761108,4011,26,3,23,2,1,1.666666667,0.092737311,3.694984532,884.4326806,419752769.9,1.22E+18,0.073533268,0.972793622,3435043625,1.18E+19,21.53370787,9.264522563,0.000498629,0,0,0.059592058,0.052319,0.504358655,28,0.385551,0.535491905
taiwan_30_793,0,0.181625366,793,30,3,27,2,1,1.666666667,0.097151674,2.518846773,198.2868548,383612507.3,1.21E+18,0.107543907,0.985213366,3573609681,1.28E+19,19.86842105,7.448797669,0.002522068,0,0,0.083581941,0.030252,0.949685535,13,0.648324,0.943396226
taiwan_30_793,0.1,0.181625366,793,30,3,27,2,1,1.666666667,0.097151674,2.518846773,198.2868548,383612507.3,1.21E+18,0.107543907,0.985213366,3573609681,1.28E+19,19.86842105,7.448797669,0.002522068,0,0,0.03104913,0.060565,0.496855346,13,0.517166,0.509433962
taiwan_30_1592,0,0.364501953,1592,30,3,27,2,1,1.666666667,0.093860283,3.134957078,386.5217719,386839802.6,1.18E+18,0.094120514,0.972837871,3601202700,1.30E+19,20.22666667,8.566539595,0.001256281,0,0,0.09814486,0.062609,0.946708464,18,1.273697,0.946708464
taiwan_30_1592,0.1,0.364501953,1592,30,3,27,2,1,1.666666667,0.093860283,3.134957078,386.5217719,386839802.6,1.18E+18,0.094120514,0.972837871,3601202700,1.30E+19,20.22666667,8.566539595,0.001256281,0,0,0.056956342,0.030769,0.548589342,18,0.301932,0.561128527
taiwan_30_2386,0,0.546234131,2386,30,3,27,2,1,1.666666667,0.116124206,8.474934569,542.0502281,388081733.8,1.12E+18,0.080117579,0.956561375,3554331723,1.26E+19,15.45517241,8.942971934,0.000838223,0,0,0.154457591,0.061389,0.945606695,22,1.386888,0.947698745
taiwan_30_2386,0.1,0.546234131,2386,30,3,27,2,1,1.666666667,0.116124206,8.474934569,542.0502281,388081733.8,1.12E+18,0.080117579,0.956561375,3554331723,1.26E+19,15.45517241,8.942971934,0.000838223,0,0,0.034377481,0.059985,0.682008368,22,0.609497,0.738493724
taiwan_30_3257,0,0.74559021,3257,30,3,27,2,1,1.666666667,0.10458497,2.797812755,660.2373689,387333255.3,1.10E+18,0.073884969,0.973165493,3515800029,1.24E+19,18.27218935,9.268101596,0.000614062,0,0,0.159355906,0.062763,0.950920245,26,1.643468,0.950920245
taiwan_30_3257,0.1,0.74559021,3257,30,3,27,2,1,1.666666667,0.10458497,2.797812755,660.2373689,387333255.3,1.10E+18,0.073884969,0.973165493,3515800029,1.24E+19,18.27218935,9.268101596,0.000614062,0,0,0.007760875,0.063555,0.615030675,26,0.518357,0.506134969
taiwan_51_1001,0,0.389610291,1001,51,3,48,2,1,1.666666667,0.087532206,4.740878512,257.9912673,374274723.2,1.12E+18,0.11412063,1,3598843280,1.30E+19,22.83333333,7.136863137,0.001998002,0,0,0.097953866,0.058703,0.970149254,14,0.775137,0.970149254
taiwan_51_1001,0.1,0.389610291,1001,51,3,48,2,1,1.666666667,0.087532206,4.740878512,257.9912673,374274723.2,1.12E+18,0.11412063,1,3598843280,1.30E+19,22.83333333,7.136863137,0.001998002,0,0,0.052808315,0.05858,0.502487562,14,0.593806,0.47761194
taiwan_51_1502,0,0.58454895,1502,51,3,48,2,1,1.666666667,0.096137922,6.544209134,391.0270582,375842983.5,1.11E+18,0.103653501,1,3605518537,1.30E+19,19.57534247,7.54460719,0.001331558,0,0,0.110273032,0.055528,0.943521595,17,0.967257,0.953488372
taiwan_51_1502,0.1,0.58454895,1502,51,3,48,2,1,1.666666667,0.096137922,6.544209134,391.0270582,375842983.5,1.11E+18,0.103653501,1,3605518537,1.30E+19,19.57534247,7.54460719,0.001331558,0,0,0.029805374,0.034776,0.495016611,17,0.738032,0.485049834
taiwan_61_721,0,0.335670471,721,61,3,58,2,1,1.666666667,0.102378379,4.52879538,186.7744851,307269257.9,9.41E+17,0.133467545,1,3631110455,1.32E+19,18.48648649,6.54877485,0.002773925,0,0.064681527,0.07934382,0.060476,0.937931034,12,1.925201,0.937931034
taiwan_61_721,0.1,0.335670471,721,61,3,58,2,1,1.666666667,0.102378379,4.52879538,186.7744851,307269257.9,9.41E+17,0.133467545,1,3631110455,1.32E+19,18.48648649,6.54877485,0.002773925,0,0,0.063899399,0.030007,0.475862069,12,0.596344,0.448275862
taiwan_61_1001,0,0.46598053,1001,61,3,58,2,1,1.666666667,0.087532206,5.524411436,253.7743256,309744598.5,9.29E+17,0.129105039,1,3598843280,1.30E+19,22.83333333,6.756576757,0.001998002,0,0,0.099852938,0.060842,0.925373134,14,1.112442,0.930348259
taiwan_61_1001,0.1,0.46598053,1001,61,3,58,2,1,1.666666667,0.087532206,5.524411436,253.7743256,309744598.5,9.29E+17,0.129105039,1,3598843280,1.30E+19,22.83333333,6.756576757,0.001998002,0,0,0.046922218,0.057909,0.497512438,14,0.259998,0.482587065
taiwan_65_500,0,0.248077393,500,65,3,62,2,1,1.666666667,0.118715869,4.669493441,145.9714846,285215285.8,8.74E+17,0.136988986,1,3820137512,1.46E+19,15.12903226,7.015625,0.004,0,0,0.072335002,0.029092,0.84,10,0.899435,0.84
taiwan_65_500,0.1,0.248077393,500,65,3,62,2,1,1.666666667,0.118715869,4.669493441,145.9714846,285215285.8,8.74E+17,0.136988986,1,3820137512,1.46E+19,15.12903226,7.015625,0.004,0,0,0.067395763,0.057683,0.49,10,0.339643,0.55
random_507_34,0,0.135505676,507,35,21,14,109,2,102.952381,6.334342559,0.011530221,-0.022991665,0.986032837,0.973150033,0.032860035,0.115995429,1.042604408,1.087023952,1.086419753,0.276134122,0.203061895,0,0.188433578,0.151597384,0.258817,0.539215686,10,1.262445,0.764705882
random_507_34,0.1,0.135505676,507,35,21,14,109,2,102.952381,6.334342559,0.011530221,-0.022991665,0.986032837,0.973150033,0.032860035,0.115995429,1.042604408,1.087023952,1.086419753,0.276134122,0.203061895,0,0,0.068215545,0.243615,0.539215686,10,0.654121,0.470588235
random_534_50,0,0.207901001,534,51,36,15,47,2,45.75,5.36766772,-0.024872839,-0.088948434,1.00621834,1.013307993,0.031835806,0.117970366,1.049443163,1.101330952,1.053846154,0.172578395,0.085674157,0,0,0.073061473,0.269377,0.626168224,10,1.275943,0.728971963
random_534_50,0.1,0.207901001,534,51,36,15,47,2,45.75,5.36766772,-0.024872839,-0.088948434,1.00621834,1.013307993,0.031835806,0.117970366,1.049443163,1.101330952,1.053846154,0.172578395,0.085674157,0,0,0.0509946,0.207562,0.514018692,10,0.530667,0.551401869
random_638_46,0,0.228897095,638,47,33,14,18,2,17.51515152,4.056040333,0.030519293,-0.087822718,1.000516807,1.001941377,0.030606953,0.098947656,1.050470259,1.103487766,1.025396825,0.156739812,0.027453216,0,0,0.046977157,0.15494,0.5703125,11,0.734255,0.5
random_638_46,0.1,0.228897095,638,47,33,14,18,2,17.51515152,4.056040333,0.030519293,-0.087822718,1.000516807,1.001941377,0.030606953,0.098947656,1.050470259,1.103487766,1.025396825,0.156739812,0.027453216,0,0,0.034577897,0.121221,0.4921875,11,0.437881,0.546875
random_736_44,0,0.252807617,736,45,43,2,76,2,74.25581395,6.056246396,0.113257378,-0.036230972,0.998719217,0.997466713,0.01811537,0.036230741,1.003880552,1.007776162,1.055865922,0.03321256,0.100891052,0,0.09123784,0.085068894,0.488307,0.547297297,12,1.728726,0.702702703
random_736_44,0.1,0.252807617,736,45,43,2,76,2,74.25581395,6.056246396,0.113257378,-0.036230972,0.998719217,0.997466713,0.01811537,0.036230741,1.003880552,1.007776162,1.055865922,0.03321256,0.100891052,0,0,0.031018243,0.493584,0.466216216,12,1.327501,0.567567568
random_1711_27,0,0.365631104,1711,28,28,0,87,2,83.96428571,6.212334782,0,0,0,0,0,0,0,0,1.094247246,0,0.049073224,0,0.033943911,0.094338745,0.229767,0.603498542,18,3.337393,0.690962099
random_1711_27,0.1,0.365631104,1711,28,28,0,87,2,83.96428571,6.212334782,0,0,0,0,0,0,0,0,1.094247246,0,0.049073224,0,0,0.014325856,0.22115,0.559766764,18,2.681696,0.483965015
random_1810_39,0,0.552490234,1810,40,34,6,33,2,32.08823529,4.9128512,-0.025267729,0.035392487,0.997860099,0.995936076,0.02088722,0.071590339,1.020504911,1.041430274,1.068571429,0.124309392,0.017728307,0,0,0.016228798,0.421086,0.505524862,19,2.370441,0.502762431
random_1810_39,0.1,0.552490234,1810,40,34,6,33,2,32.08823529,4.9128512,-0.025267729,0.035392487,0.997860099,0.995936076,0.02088722,0.071590339,1.020504911,1.041430274,1.068571429,0.124309392,0.017728307,0,0,0.022705751,0.330818,0.513812155,19,1.53113,0.574585635
random_1969_46,0,0.706169128,1969,47,40,7,90,2,87.8,6.322055543,0.041610801,0.02408433,0.994776922,0.98977235,0.016958558,0.039828096,1.011707809,1.02355269,1.00509165,0.111299612,0.044591163,0,0.075848675,0.039142285,1.20215,0.540609137,20,4.753238,0.736040609
random_1969_46,0.1,0.706169128,1969,47,40,7,90,2,87.8,6.322055543,0.041610801,0.02408433,0.994776922,0.98977235,0.016958558,0.039828096,1.011707809,1.02355269,1.00509165,0.111299612,0.044591163,0,0,0.014764847,1.153915,0.52284264,20,4.391637,0.517766497
random_2003_43,0,0.672515869,2003,44,2,42,145,2,73.5,4.064251443,0.007321211,-0.009707063,0.996546137,0.993378863,0.01688702,0.072231223,1.031896035,1.064809427,1.045965271,0.659238415,0.036694958,0,0,0.060665313,0.108896,0.518703242,20,1.364516,0.551122195
random_2003_43,0.1,0.672515869,2003,44,2,42,145,2,73.5,4.064251443,0.007321211,-0.009707063,0.996546137,0.993378863,0.01688702,0.072231223,1.031896035,1.064809427,1.045965271,0.659238415,0.036694958,0,0,0.053344196,0.087978,0.488778055,20,1.035411,0.546134663
random_2031_49,0,0.774887085,2031,50,50,0,88,2,86.28,6.319190978,0,0,0,0,0,0,0,0,1.016881827,0,0.042481536,0,0.055616789,0.089881214,0.553138,0.547911548,20,5.941386,0.57985258
random_2031_49,0.1,0.774887085,2031,50,50,0,88,2,86.28,6.319190978,0,0,0,0,0,0,0,0,1.016881827,0,0.042481536,0,0,0.010099417,0.536187,0.506142506,20,5.213015,0.508599509
random_2202_37,0,0.638519287,2202,38,22,16,91,2,86.95454545,6.230263551,-0.001061911,0.025185215,0.997619013,0.995446192,0.015078792,0.050192198,1.023690996,1.047943255,1.014638609,0.29638128,0.039488894,0,0.062561992,0.06248063,0.63888,0.544217687,21,3.088241,0.671201814
random_2202_37,0.1,0.638519287,2202,38,22,16,91,2,86.95454545,6.230263551,-0.001061911,0.025185215,0.997619013,0.995446192,0.015078792,0.050192198,1.023690996,1.047943255,1.014638609,0.29638128,0.039488894,0,0,0.033400962,0.628853,0.512471655,21,2.906704,0.530612245
random_3109_30,0,0.735435486,3109,31,25,6,49,2,47.12,5.419925264,0.023427985,0.009443581,1.004051364,1.008275337,0.013515552,0.033537576,1.016921233,1.034128795,1.064409031,0.128658733,0.015155999,0,0.007941504,0.024433386,0.654659,0.554662379,25,2.840433,0.528938907
random_3109_30,0.1,0.735435486,3109,31,25,6,49,2,47.12,5.419925264,0.023427985,0.009443581,1.004051364,1.008275337,0.013515552,0.033537576,1.016921233,1.034128795,1.064409031,0.128658733,0.015155999,0,0,0.010262601,0.569539,0.538585209,25,2.917789,0.546623794
random_1040_46,0,0.373046875,1040,47,47,0,57,2,55.82978723,5.692470323,0,0,0,0,0,0,0,0,1.007722008,0,0.053682488,0,0,0.055975637,0.23154,0.548076923,14,3.141886,0.605769231
random_1040_46,0.1,0.373046875,1040,47,47,0,57,2,55.82978723,5.692470323,0,0,0,0,0,0,0,0,1.007722008,0,0.053682488,0,0,0.023547068,0.183984,0.5,14,2.763083,0.5
random_1071_41,0,0.343307495,1071,42,41,1,22,2,21.51219512,4.361654937,-0.045740751,0.03405906,1.015769355,1.031787383,0,0,1.015769355,1.031787383,1.15060241,0.026677338,0.020086083,0,0,0.016502965,0.268649,0.548837209,15,1.112,0.534883721
random_1071_41,0.1,0.343307495,1071,42,41,1,22,2,21.51219512,4.361654937,-0.045740751,0.03405906,1.015769355,1.031787383,0,0,1.015769355,1.031787383,1.15060241,0.026677338,0.020086083,0,0,0.013128769,0.183642,0.534883721,15,0.675974,0.562790698
random_1407_30,0,0.332893372,1407,31,31,0,46,2,44.58064516,5.354382851,0,0,0,0,0,0,0,0,1.084444444,0,0.031684894,0,0,0.032513276,0.176159,0.602836879,17,1.960994,0.659574468
random_1407_30,0.1,0.332893372,1407,31,31,0,46,2,44.58064516,5.354382851,0,0,0,0,0,0,0,0,1.084444444,0,0.031684894,0,0,0.014022113,0.147433,0.528368794,17,2.017442,0.539007092
random_1560_48,0,0.583312988,1560,49,44,5,135,2,131.9772727,6.878883975,-0.039204127,0.002259158,0.997250494,0.994943637,0.018017862,0.042673884,1.017015554,1.034320638,1.007722008,0.073260073,0.084600816,0,0.085250167,0.118691491,1.485042,0.503205128,18,5.248727,0.647435897
random_1560_48,0.1,0.583312988,1560,49,44,5,135,2,131.9772727,6.878883975,-0.039204127,0.002259158,0.997250494,0.994943637,0.018017862,0.042673884,1.017015554,1.034320638,1.007722008,0.073260073,0.084600816,0,0,0.022165719,1.500858,0.477564103,18,5.631199,0.528846154
random_1905_35,0,0.523345947,1905,36,5,31,127,2,102,5.753695935,-0.000961005,-0.007724401,0.9955877,0.991485232,0.01873161,0.073389638,1.040333091,1.08229294,1.022292994,0.592009332,0.053543307,0,0.074182973,0.062493751,0.217425,0.503937008,20,1.93892,0.661417323
random_1905_35,0.1,0.523345947,1905,36,5,31,127,2,102,5.753695935,-0.000961005,-0.007724401,0.9955877,0.991485232,0.01873161,0.073389638,1.040333091,1.08229294,1.022292994,0.592009332,0.053543307,0,0,0.067176217,0.192418,0.517060367,20,1.057421,0.514435696
random_2016_38,0,0.599975586,2016,39,18,21,121,2,114.3888889,6.548757899,-0.014328956,-0.037889955,0.99870899,0.997941019,0.016911733,0.065241636,1.043100915,1.088059518,1.028169014,0.351037851,0.05674052,0,0.065659096,0.090482043,0.631018,0.497524752,20,4.654817,0.690594059
random_2016_38,0.1,0.599975586,2016,39,18,21,121,2,114.3888889,6.548757899,-0.014328956,-0.037889955,0.99870899,0.997941019,0.016911733,0.065241636,1.043100915,1.088059518,1.028169014,0.351037851,0.05674052,0,0,0.036314778,0.58412,0.514851485,20,4.768657,0.569306931
random_2557_25,0,0.507339478,2557,26,22,4,60,2,57.36363636,5.667645965,0.017208169,-0.00104573,0.994453601,0.989064888,0.013379099,0.05728609,1.006288802,1.012617153,1.011801731,0.096266659,0.02243396,0.009622719,0.023009471,0.044608722,0.676087,0.5703125,23,2.933664,0.580078125
random_2557_25,0.1,0.507339478,2557,26,22,4,60,2,57.36363636,5.667645965,0.017208169,-0.00104573,0.994453601,0.989064888,0.013379099,0.05728609,1.006288802,1.012617153,1.011801731,0.096266659,0.02243396,0,0,0.026663947,0.530177,0.501953125,23,3.347721,0.51953125
random_2705_33,0,0.701797485,2705,34,7,27,100,2,86,5.81519759,-0.003937168,-0.034407275,0.998493971,0.997152254,0.013679332,0.05715809,1.029604635,1.060085705,1.008166295,0.514298141,0.031792976,0,0,0.063682826,0.295255,0.53974122,23,3.318268,0.611829945
random_2705_33,0.1,0.701797485,2705,34,7,27,100,2,86,5.81519759,-0.003937168,-0.034407275,0.998493971,0.997152254,0.013679332,0.05715809,1.029604635,1.060085705,1.008166295,0.514298141,0.031792976,0,0,0.050600298,0.243276,0.502772643,23,1.463552,0.500924214
random_2916_28,0,0.645294189,2916,29,25,4,21,2,20.24,4.251517577,-0.005829428,-0.059278683,1.006672353,1.013403781,0.010396011,0.021084787,1.010827517,1.021772269,1.005502063,0.075682323,0.006941015,0,0,0.023074213,0.276825,0.52739726,24,0.715013,0.52739726
random_2916_28,0.1,0.645294189,2916,29,25,4,21,2,20.24,4.251517577,-0.005829428,-0.059278683,1.006672353,1.013403781,0.010396011,0.021084787,1.010827517,1.021772269,1.005502063,0.075682323,0.006941015,0,0,0.01546159,0.268653,0.582191781,24,0.710464,0.592465753
random_2998_14,0,0.343215942,2998,15,8,7,121,2,106.125,6.15301803,0.004961568,0.02580532,1.000668537,1.001448612,0.011866262,0.039392703,1.013615146,1.027415664,1.045020464,0.346897932,0.035398599,0,0,0.039899844,0.401367,0.521666667,24,1.447766,0.646666667
random_2998_14,0.1,0.343215942,2998,15,8,7,121,2,106.125,6.15301803,0.004961568,0.02580532,1.000668537,1.001448612,0.011866262,0.039392703,1.013615146,1.027415664,1.045020464,0.346897932,0.035398599,0,0,0.023921962,0.362334,0.501666667,24,1.979718,0.501666667
random_4308_18,0,0.624603271,4308,19,8,11,148,2,129.75,6.410379151,0.000554243,-0.00446371,1.00378618,1.007650454,0.011097227,0.036160668,1.013975961,1.028147249,1.05730659,0.383619215,0.030118384,0,0.006948269,0.021056098,0.601921,0.553364269,29,6.518067,0.643851508
random_4308_18,0.1,0.624603271,4308,19,8,11,148,2,129.75,6.410379151,0.000554243,-0.00446371,1.00378618,1.007650454,0.011097227,0.036160668,1.013975961,1.028147249,1.05730659,0.383619215,0.030118384,0,0,0.020489906,0.609676,0.483758701,29,3.737891,0.512761021
random_7711_5,0,0.353103638,7711,6,6,0,112,2,93.66666667,5.830146729,0,0,0,0,0,0,0,0,1.027609782,0,0.012147149,0,0,0,0.178556,0.523655217,39,3.432471,0.575502268
random_7711_5,0.1,0.353103638,7711,6,6,0,112,2,93.66666667,5.830146729,0,0,0,0,0,0,0,0,1.027609782,0,0.012147149,0,0.006432508,0.002299479,0.158833,0.521062865,39,1.562028,0.5191186
random_536_41,0,0.171875,536,42,35,7,72,2,70,5.9276341,-0.069119035,-0.018518607,1.010228476,1.02113081,0.018755431,0.082406434,1.0396311,1.080832823,1.045801527,0.137704335,0.130597015,0,0.071835316,0.071145378,0.293612,0.537037037,10,1.493468,0.675925926
random_536_41,0.1,0.171875,536,42,35,7,72,2,70,5.9276341,-0.069119035,-0.018518607,1.010228476,1.02113081,0.018755431,0.082406434,1.0396311,1.080832823,1.045801527,0.137704335,0.130597015,0,0,0.066754466,0.294854,0.537037037,10,0.88679,0.518518519
random_724_50,0,0.281829834,724,51,48,3,110,2,107.6666667,6.551292679,-0.035633572,-0.08063735,1.006179808,1.012649525,0.010540913,0.026428986,1.02810715,1.057004312,1.074498567,0.037915719,0.148710866,0.032340764,0.041804745,0.184859161,0.830843,0.496551724,12,2.83024,0.710344828
random_724_50,0.1,0.281829834,724,51,48,3,110,2,107.6666667,6.551292679,-0.035633572,-0.08063735,1.006179808,1.012649525,0.010540913,0.026428986,1.02810715,1.057004312,1.074498567,0.037915719,0.148710866,0,0,0.017072446,0.833062,0.455172414,12,2.053946,0.593103448
random_800_43,0,0.268676758,800,44,13,31,37,2,34.30769231,4.855829863,-0.025001825,-0.058319484,1.004668342,1.010032309,0.026104548,0.104570943,1.086230982,1.179897746,1.040816327,0.480113636,0.042884615,0.029480498,0.031327605,0.079082646,0.119484,0.625,13,1.067887,0.59375
random_800_43,0.1,0.268676758,800,44,13,31,37,2,34.30769231,4.855829863,-0.025001825,-0.058319484,1.004668342,1.010032309,0.026104548,0.104570943,1.086230982,1.179897746,1.040816327,0.480113636,0.042884615,0,0,0.068265171,0.118842,0.50625,13,0.410345,0.43125
random_867_50,0,0.337471008,867,51,16,35,16,2,15.125,3.799770983,-0.023887944,0.028092882,0.997856613,0.996445928,0.026678113,0.103140996,1.055516899,1.114115923,1.011600928,0.606101726,0.017445213,0,0,0.04761228,0.094786,0.563218391,13,1.054927,0.557471264
random_867_50,0.1,0.337471008,867,51,16,35,16,2,15.125,3.799770983,-0.023887944,0.028092882,0.997856613,0.996445928,0.026678113,0.103140996,1.055516899,1.114115923,1.011600928,0.606101726,0.017445213,0,0,0.049579296,0.095214,0.517241379,13,0.550677,0.551724138
random_1106_50,0,0.430465698,1106,51,48,3,112,2,109.7083333,6.612715531,-0.048723776,0.012707123,1.011902924,1.024311079,0.03206882,0.080425673,1.035445741,1.072147883,1.059590317,0.035457221,0.099193791,0,0.074292192,0.117570857,1.102237,0.630630631,15,3.889062,0.761261261
random_1106_50,0.1,0.430465698,1106,51,48,3,112,2,109.7083333,6.612715531,-0.048723776,0.012707123,1.011902924,1.024311079,0.03206882,0.080425673,1.035445741,1.072147883,1.059590317,0.035457221,0.099193791,0,0.021776658,0.028060935,1.091705,0.495495495,15,3.827271,0.477477477
random_1270_47,0,0.465209961,1270,48,45,3,74,2,72.4,6.053587015,0.109443523,0.138297654,0.998372358,0.997025949,0.006140653,0.012211461,1.016389298,1.033047205,1.048387097,0.054133858,0.057007874,0,0.104338979,0.04407601,0.688535,0.559055118,16,3.482835,0.633858268
random_1270_47,0.1,0.465209961,1270,48,45,3,74,2,72.4,6.053587015,0.109443523,0.138297654,0.998372358,0.997025949,0.006140653,0.012211461,1.016389298,1.033047205,1.048387097,0.054133858,0.057007874,0.018896187,0,0.019291135,0.659444,0.519685039,16,2.935359,0.5
random_1614_50,0,0.628128052,1614,51,50,1,127,2,124.5,6.812114206,-0.063390902,-0.136362193,0.994864078,0.989754533,0,0,0.994864078,0.989754533,1.037878788,0.008504021,0.077137546,0,0.045536584,0.10932066,1.707372,0.544891641,18,6.041926,0.678018576
random_1614_50,0.1,0.628128052,1614,51,50,1,127,2,124.5,6.812114206,-0.063390902,-0.136362193,0.994864078,0.989754533,0,0,0.994864078,0.989754533,1.037878788,0.008504021,0.077137546,0,0,0.018274844,1.682682,0.557275542,18,5.509224,0.520123839
random_2044_47,0,0.748657227,2044,48,38,10,33,2,32.18421053,4.927220186,-0.009155449,0.018277582,1.004155929,1.008473872,0.015571391,0.057015433,1.023746248,1.048056381,1.02979146,0.157982714,0.0157457,0.011916007,0,0.015924428,0.537614,0.545232274,20,2.236418,0.535452323
random_2044_47,0.1,0.748657227,2044,48,38,10,33,2,32.18421053,4.927220186,-0.009155449,0.018277582,1.004155929,1.008473872,0.015571391,0.057015433,1.023746248,1.048056381,1.02979146,0.157982714,0.0157457,0,0,0.02380706,0.458332,0.550122249,20,1.806981,0.498777506
random_2123_41,0,0.680404663,2123,42,25,17,127,2,122,6.708184745,0.000141664,0.010016727,1.002777133,1.005900279,0.016539065,0.061729813,1.029784239,1.06045558,1.010416667,0.290469461,0.05746585,0,0,0.077193424,0.917171,0.531764706,21,5.214423,0.684705882
random_2123_41,0.1,0.680404663,2123,42,25,17,127,2,122,6.708184745,0.000141664,0.010016727,1.002777133,1.005900279,0.016539065,0.061729813,1.029784239,1.06045558,1.010416667,0.290469461,0.05746585,0.011504735,0,0.028481238,0.906869,0.52,21,5.271713,0.541176471
random_2142_38,0,0.637466431,2142,39,39,0,148,2,144.2564103,7.001848703,0,0,0,0,0,0,0,0,1.075581395,0,0.067346597,0,0,0.083575913,0.876134,0.55011655,21,9.116971,0.72027972
random_2142_38,0.1,0.637466431,2142,39,39,0,148,2,144.2564103,7.001848703,0,0,0,0,0,0,0,0,1.075581395,0,0.067346597,0,0,0.018196121,0.906346,0.526806527,21,5.945463,0.491841492
random_764_50,0,0.297393799,764,51,32,19,64,2,62.0625,5.785896396,0.002912778,-0.012051187,1.009405705,1.019329068,0.027358742,0.110159292,1.046349321,1.094846901,1.093150685,0.266913048,0.081233639,0,0.270054129,0.130742573,0.381952,0.444444444,12,1.263451,0.640522876
random_764_50,0.1,0.297393799,764,51,32,19,64,2,62.0625,5.785896396,0.002912778,-0.012051187,1.009405705,1.019329068,0.027358742,0.110159292,1.046349321,1.094846901,1.093150685,0.266913048,0.081233639,0,0,0.044840146,0.324876,0.575163399,12,1.128264,0.575163399
